"Vuosi"	"min_ika"	"max_ika"	"Ikaluokat_yhteensa"	"ikaluokka"
1865	"85"	"120"	1843245	1702
1866	"85"	"120"	1837506	1618
1867	"85"	"120"	1824198	1525
1868	"85"	"120"	1727538	1368
1869	"85"	"120"	1739560	1297
1870	"85"	"120"	1768769	1238
1871	"85"	"120"	1803845	1269
1872	"85"	"120"	1834611	1299
1873	"85"	"120"	1859976	1327
1874	"85"	"120"	1886117	1352
1875	"85"	"120"	1912647	1379
1876	"85"	"120"	1942656	1489
1877	"85"	"120"	1971431	1602
1878	"85"	"120"	1994573	1730
1879	"85"	"120"	2032669	1883
1880	"85"	"120"	2060782	2019
1881	"85"	"120"	2082643	2080
1882	"85"	"120"	2113302	2135
1883	"85"	"120"	2146395	2132
1884	"85"	"120"	2180547	2105
1885	"85"	"120"	2207518	2250
1886	"85"	"120"	2238572	2358
1887	"85"	"120"	2278140	2568
1888	"85"	"120"	2314179	2498
1889	"85"	"120"	2347702	2606
1890	"85"	"120"	2380140	2674
1891	"85"	"120"	2408300	2500
1892	"85"	"120"	2422500	2600
1893	"85"	"120"	2436700	2700
1894	"85"	"120"	2465700	2700
1895	"85"	"120"	2499900	2900
1896	"85"	"120"	2530900	2900
1897	"85"	"120"	2567500	2900
1898	"85"	"120"	2610300	3000
1899	"85"	"120"	2635300	3100
1900	"85"	"120"	2655900	3100
1901	"85"	"120"	2678500	3300
1902	"85"	"120"	2693900	3600
1903	"85"	"120"	2717100	3700
1904	"85"	"120"	2751900	3900
1905	"85"	"120"	2773000	4100
1906	"85"	"120"	2803700	4500
1907	"85"	"120"	2838700	4500
1908	"85"	"120"	2883000	4700
1909	"85"	"120"	2914800	5000
1910	"85"	"120"	2943400	5400
1911	"85"	"120"	2980000	5300
1912	"85"	"120"	3015500	5200
1913	"85"	"120"	3035800	5200
1914	"85"	"120"	3069500	5200
1915	"85"	"120"	3096300	5200
1916	"85"	"120"	3114200	5200
1917	"85"	"120"	3134300	4900
1918	"85"	"120"	3115300	4700
1919	"85"	"120"	3118000	4900
1920	"85"	"120"	3147600	5700
1921	"85"	"120"	3193200	5700
1922	"85"	"120"	3227800	5700
1923	"85"	"120"	3258600	6000
1924	"85"	"120"	3286200	6000
1925	"85"	"120"	3322100	6600
1926	"85"	"120"	3355200	6900
1927	"85"	"120"	3380600	7300
1928	"85"	"120"	3412100	7900
1929	"85"	"120"	3435300	8400
1930	"85"	"120"	3462700	9100
1931	"85"	"120"	3489600	8900
1932	"85"	"120"	3516000	8900
1933	"85"	"120"	3536600	9200
1934	"85"	"120"	3561600	9500
1935	"85"	"120"	3589600	9900
1936	"85"	"120"	3612400	10200
1937	"85"	"120"	3640200	10800
1938	"85"	"120"	3672100	11200
1939	"85"	"120"	3699700	11500
1940	"85"	"120"	3695617	10872
1941	"85"	"120"	3707815	10922
1942	"85"	"120"	3708801	10913
1943	"85"	"120"	3732532	11058
1944	"85"	"120"	3737096	10970
1945	"85"	"120"	3778890	11190
1946	"85"	"120"	3833072	11417
1947	"85"	"120"	3885284	11258
1948	"85"	"120"	3937840	11194
1949	"85"	"120"	3987996	10642
1950	"85"	"120"	4029803	9463
1951	"85"	"120"	4064727	9088
1952	"85"	"120"	4116228	8950
1953	"85"	"120"	4162609	8414
1954	"85"	"120"	4211191	9064
1955	"85"	"120"	4258571	9686
1956	"85"	"120"	4304832	10180
1957	"85"	"120"	4343190	10770
1958	"85"	"120"	4376314	11212
1959	"85"	"120"	4413046	11936
1960	"85"	"120"	4446222	12429
1961	"85"	"120"	4475787	12665
1962	"85"	"120"	4507098	12554
1963	"85"	"120"	4539519	12687
1964	"85"	"120"	4557567	13093
1965	"85"	"120"	4569896	13306
1966	"85"	"120"	4591842	13408
1967	"85"	"120"	4619645	13953
1968	"85"	"120"	4633292	14618
1969	"85"	"120"	4614277	15192
1970	"85"	"120"	4598336	15782
1971	"85"	"120"	4625912	16587
1972	"85"	"120"	4653401	17596
1973	"85"	"120"	4678761	18474
1974	"85"	"120"	4702387	19122
1975	"85"	"120"	4720492	20103
1976	"85"	"120"	4730836	21484
1977	"85"	"120"	4746967	22760
1978	"85"	"120"	4758088	24037
1979	"85"	"120"	4771292	25913
1980	"85"	"120"	4787778	27737
1981	"85"	"120"	4812150	29692
1982	"85"	"120"	4841715	32189
1983	"85"	"120"	4869858	34968
1984	"85"	"120"	4893748	37855
1985	"85"	"120"	4910664	39698
1986	"85"	"120"	4925644	42440
1987	"85"	"120"	4938602	44874
1988	"85"	"120"	4954359	47053
1989	"85"	"120"	4974383	49703
1990	"85"	"120"	4998478	51943
1991	"85"	"120"	5029002	54970
1992	"85"	"120"	5054982	58048
1993	"85"	"120"	5077912	60301
1994	"85"	"120"	5098754	63959
1995	"85"	"120"	5116826	67018
1996	"85"	"120"	5132320	69867
1997	"85"	"120"	5147349	72714
1998	"85"	"120"	5159646	74922
1999	"85"	"120"	5171302	77056
2000	"85"	"120"	5181115	78395
2001	"85"	"120"	5194901	79660
2002	"85"	"120"	5206295	80945
2003	"85"	"120"	5219732	82659
2004	"85"	"120"	5236611	83075
2005	"85"	"120"	5255580	88589
2006	"85"	"120"	5276955	93744
2007	"85"	"120"	5300484	98292
2008	"85"	"120"	5326314	103797
2009	"85"	"120"	5351427	108691
2010	"85"	"120"	5375276	114160
2011	"85"	"120"	5401267	119103
2012	"85"	"120"	5426674	123584
1865	"10"	"14"	1843245	183825
1866	"10"	"14"	1837506	183791
1867	"10"	"14"	1824198	183004
1868	"10"	"14"	1727538	173805
1869	"10"	"14"	1739560	175551
1870	"10"	"14"	1768769	179056
1871	"10"	"14"	1803845	182846
1872	"10"	"14"	1834611	186198
1873	"10"	"14"	1859976	189002
1874	"10"	"14"	1886117	191886
1875	"10"	"14"	1912647	194807
1876	"10"	"14"	1942656	190440
1877	"10"	"14"	1971431	185969
1878	"10"	"14"	1994573	175064
1879	"10"	"14"	2032669	174613
1880	"10"	"14"	2060782	184263
1881	"10"	"14"	2082643	196169
1882	"10"	"14"	2113302	207863
1883	"10"	"14"	2146395	224915
1884	"10"	"14"	2180547	231017
1885	"10"	"14"	2207518	232424
1886	"10"	"14"	2238572	233988
1887	"10"	"14"	2278140	239653
1888	"10"	"14"	2314179	242749
1889	"10"	"14"	2347702	246362
1890	"10"	"14"	2380140	250217
1891	"10"	"14"	2408300	253500
1892	"10"	"14"	2422500	255400
1893	"10"	"14"	2436700	257400
1894	"10"	"14"	2465700	260700
1895	"10"	"14"	2499900	264300
1896	"10"	"14"	2530900	268000
1897	"10"	"14"	2567500	272100
1898	"10"	"14"	2610300	276800
1899	"10"	"14"	2635300	280200
1900	"10"	"14"	2655900	282900
1901	"10"	"14"	2678500	284600
1902	"10"	"14"	2693900	280700
1903	"10"	"14"	2717100	277800
1904	"10"	"14"	2751900	280100
1905	"10"	"14"	2773000	286000
1906	"10"	"14"	2803700	287400
1907	"10"	"14"	2838700	292700
1908	"10"	"14"	2883000	303700
1909	"10"	"14"	2914800	311100
1910	"10"	"14"	2943400	311700
1911	"10"	"14"	2980000	319600
1912	"10"	"14"	3015500	325700
1913	"10"	"14"	3035800	327300
1914	"10"	"14"	3069500	332000
1915	"10"	"14"	3096300	336300
1916	"10"	"14"	3114200	341200
1917	"10"	"14"	3134300	348300
1918	"10"	"14"	3115300	354400
1919	"10"	"14"	3118000	359600
1920	"10"	"14"	3147600	362800
1921	"10"	"14"	3193200	365900
1922	"10"	"14"	3227800	366700
1923	"10"	"14"	3258600	363900
1924	"10"	"14"	3286200	359000
1925	"10"	"14"	3322100	351500
1926	"10"	"14"	3355200	342500
1927	"10"	"14"	3380600	334400
1928	"10"	"14"	3412100	329800
1929	"10"	"14"	3435300	315100
1930	"10"	"14"	3462700	319900
1931	"10"	"14"	3489600	328600
1932	"10"	"14"	3516000	333300
1933	"10"	"14"	3536600	340900
1934	"10"	"14"	3561600	355500
1935	"10"	"14"	3589600	352400
1936	"10"	"14"	3612400	349500
1937	"10"	"14"	3640200	347700
1938	"10"	"14"	3672100	344900
1939	"10"	"14"	3699700	344400
1940	"10"	"14"	3695617	340504
1941	"10"	"14"	3707815	338210
1942	"10"	"14"	3708801	334544
1943	"10"	"14"	3732532	325646
1944	"10"	"14"	3737096	319716
1945	"10"	"14"	3778890	315167
1946	"10"	"14"	3833072	313339
1947	"10"	"14"	3885284	315385
1948	"10"	"14"	3937840	324382
1949	"10"	"14"	3987996	332715
1950	"10"	"14"	4029803	329078
1951	"10"	"14"	4064727	348194
1952	"10"	"14"	4116228	340181
1953	"10"	"14"	4162609	341116
1954	"10"	"14"	4211191	343974
1955	"10"	"14"	4258571	374650
1956	"10"	"14"	4304832	392192
1957	"10"	"14"	4343190	435893
1958	"10"	"14"	4376314	466408
1959	"10"	"14"	4413046	489632
1960	"10"	"14"	4446222	492178
1961	"10"	"14"	4475787	479852
1962	"10"	"14"	4507098	469664
1963	"10"	"14"	4539519	455546
1964	"10"	"14"	4557567	444659
1965	"10"	"14"	4569896	435402
1966	"10"	"14"	4591842	432183
1967	"10"	"14"	4619645	423583
1968	"10"	"14"	4633292	414568
1969	"10"	"14"	4614277	406068
1970	"10"	"14"	4598336	397946
1971	"10"	"14"	4625912	390916
1972	"10"	"14"	4653401	387100
1973	"10"	"14"	4678761	388333
1974	"10"	"14"	4702387	386406
1975	"10"	"14"	4720492	382810
1976	"10"	"14"	4730836	378715
1977	"10"	"14"	4746967	375674
1978	"10"	"14"	4758088	367915
1979	"10"	"14"	4771292	356276
1980	"10"	"14"	4787778	345100
1981	"10"	"14"	4812150	332337
1982	"10"	"14"	4841715	318137
1983	"10"	"14"	4869858	304473
1984	"10"	"14"	4893748	301526
1985	"10"	"14"	4910664	303344
1986	"10"	"14"	4925644	308733
1987	"10"	"14"	4938602	315649
1988	"10"	"14"	4954359	323585
1989	"10"	"14"	4974383	325775
1990	"10"	"14"	4998478	324891
1991	"10"	"14"	5029002	323331
1992	"10"	"14"	5054982	325034
1993	"10"	"14"	5077912	328667
1994	"10"	"14"	5098754	330599
1995	"10"	"14"	5116826	330257
1996	"10"	"14"	5132320	327420
1997	"10"	"14"	5147349	321264
1998	"10"	"14"	5159646	317898
1999	"10"	"14"	5171302	316104
2000	"10"	"14"	5181115	318634
2001	"10"	"14"	5194901	323018
2002	"10"	"14"	5206295	329351
2003	"10"	"14"	5219732	330245
2004	"10"	"14"	5236611	331433
2005	"10"	"14"	5255580	328539
2006	"10"	"14"	5276955	323835
2007	"10"	"14"	5300484	316713
2008	"10"	"14"	5326314	309342
2009	"10"	"14"	5351427	302423
2010	"10"	"14"	5375276	296709
2011	"10"	"14"	5401267	292889
2012	"10"	"14"	5426674	290329
1865	"15"	"19"	1843245	170609
1866	"15"	"19"	1837506	171787
1867	"15"	"19"	1824198	172266
1868	"15"	"19"	1727538	164784
1869	"15"	"19"	1739560	167631
1870	"15"	"19"	1768769	172205
1871	"15"	"19"	1803845	173739
1872	"15"	"19"	1834611	174849
1873	"15"	"19"	1859976	175446
1874	"15"	"19"	1886117	176123
1875	"15"	"19"	1912647	176840
1876	"15"	"19"	1942656	181796
1877	"15"	"19"	1971431	186631
1878	"15"	"19"	1994573	188061
1879	"15"	"19"	2032669	193763
1880	"15"	"19"	2060782	192593
1881	"15"	"19"	2082643	186855
1882	"15"	"19"	2113302	181877
1883	"15"	"19"	2146395	171618
1884	"15"	"19"	2180547	171260
1885	"15"	"19"	2207518	180710
1886	"15"	"19"	2238572	192719
1887	"15"	"19"	2278140	204316
1888	"15"	"19"	2314179	220747
1889	"15"	"19"	2347702	226908
1890	"15"	"19"	2380140	228168
1891	"15"	"19"	2408300	230400
1892	"15"	"19"	2422500	231100
1893	"15"	"19"	2436700	231700
1894	"15"	"19"	2465700	234700
1895	"15"	"19"	2499900	238000
1896	"15"	"19"	2530900	240800
1897	"15"	"19"	2567500	244700
1898	"15"	"19"	2610300	249100
1899	"15"	"19"	2635300	250900
1900	"15"	"19"	2655900	252600
1901	"15"	"19"	2678500	258600
1902	"15"	"19"	2693900	261800
1903	"15"	"19"	2717100	263300
1904	"15"	"19"	2751900	263800
1905	"15"	"19"	2773000	264600
1906	"15"	"19"	2803700	267000
1907	"15"	"19"	2838700	264900
1908	"15"	"19"	2883000	264700
1909	"15"	"19"	2914800	267800
1910	"15"	"19"	2943400	275400
1911	"15"	"19"	2980000	276400
1912	"15"	"19"	3015500	281300
1913	"15"	"19"	3035800	290700
1914	"15"	"19"	3069500	298300
1915	"15"	"19"	3096300	301900
1916	"15"	"19"	3114200	308600
1917	"15"	"19"	3134300	314000
1918	"15"	"19"	3115300	311400
1919	"15"	"19"	3118000	316600
1920	"15"	"19"	3147600	321300
1921	"15"	"19"	3193200	328600
1922	"15"	"19"	3227800	337500
1923	"15"	"19"	3258600	345700
1924	"15"	"19"	3286200	352400
1925	"15"	"19"	3322100	358400
1926	"15"	"19"	3355200	361400
1927	"15"	"19"	3380600	361700
1928	"15"	"19"	3412100	359000
1929	"15"	"19"	3435300	353700
1930	"15"	"19"	3462700	345500
1931	"15"	"19"	3489600	336500
1932	"15"	"19"	3516000	328500
1933	"15"	"19"	3536600	323800
1934	"15"	"19"	3561600	309800
1935	"15"	"19"	3589600	317200
1936	"15"	"19"	3612400	325400
1937	"15"	"19"	3640200	329800
1938	"15"	"19"	3672100	336600
1939	"15"	"19"	3699700	350300
1940	"15"	"19"	3695617	346180
1941	"15"	"19"	3707815	341930
1942	"15"	"19"	3708801	339421
1943	"15"	"19"	3732532	337125
1944	"15"	"19"	3737096	335314
1945	"15"	"19"	3778890	336143
1946	"15"	"19"	3833072	334518
1947	"15"	"19"	3885284	331401
1948	"15"	"19"	3937840	322557
1949	"15"	"19"	3987996	316899
1950	"15"	"19"	4029803	311614
1951	"15"	"19"	4064727	308283
1952	"15"	"19"	4116228	310275
1953	"15"	"19"	4162609	319590
1954	"15"	"19"	4211191	328191
1955	"15"	"19"	4258571	324166
1956	"15"	"19"	4304832	343580
1957	"15"	"19"	4343190	335621
1958	"15"	"19"	4376314	337004
1959	"15"	"19"	4413046	340805
1960	"15"	"19"	4446222	372438
1961	"15"	"19"	4475787	389381
1962	"15"	"19"	4507098	432203
1963	"15"	"19"	4539519	461508
1964	"15"	"19"	4557567	482133
1965	"15"	"19"	4569896	482168
1966	"15"	"19"	4591842	469889
1967	"15"	"19"	4619645	460406
1968	"15"	"19"	4633292	445639
1969	"15"	"19"	4614277	431099
1970	"15"	"19"	4598336	421170
1971	"15"	"19"	4625912	421729
1972	"15"	"19"	4653401	415882
1973	"15"	"19"	4678761	408523
1974	"15"	"19"	4702387	401987
1975	"15"	"19"	4720492	395592
1976	"15"	"19"	4730836	388147
1977	"15"	"19"	4746967	384881
1978	"15"	"19"	4758088	385677
1979	"15"	"19"	4771292	383390
1980	"15"	"19"	4787778	380152
1981	"15"	"19"	4812150	377548
1982	"15"	"19"	4841715	374333
1983	"15"	"19"	4869858	367489
1984	"15"	"19"	4893748	356320
1985	"15"	"19"	4910664	345381
1986	"15"	"19"	4925644	332536
1987	"15"	"19"	4938602	318025
1988	"15"	"19"	4954359	304154
1989	"15"	"19"	4974383	301284
1990	"15"	"19"	4998478	303383
1991	"15"	"19"	5029002	309680
1992	"15"	"19"	5054982	317075
1993	"15"	"19"	5077912	325595
1994	"15"	"19"	5098754	327902
1995	"15"	"19"	5116826	327118
1996	"15"	"19"	5132320	325344
1997	"15"	"19"	5147349	326932
1998	"15"	"19"	5159646	330273
1999	"15"	"19"	5171302	332206
2000	"15"	"19"	5181115	331778
2001	"15"	"19"	5194901	329220
2002	"15"	"19"	5206295	323130
2003	"15"	"19"	5219732	319754
2004	"15"	"19"	5236611	318105
2005	"15"	"19"	5255580	320942
2006	"15"	"19"	5276955	325347
2007	"15"	"19"	5300484	331920
2008	"15"	"19"	5326314	333177
2009	"15"	"19"	5351427	334636
2010	"15"	"19"	5375276	332084
2011	"15"	"19"	5401267	327766
2012	"15"	"19"	5426674	320713
1865	"20"	"24"	1843245	161105
1866	"20"	"24"	1837506	161516
1867	"20"	"24"	1824198	161269
1868	"20"	"24"	1727538	153603
1869	"20"	"24"	1739560	155581
1870	"20"	"24"	1768769	159133
1871	"20"	"24"	1803845	161837
1872	"20"	"24"	1834611	164150
1873	"20"	"24"	1859976	165982
1874	"20"	"24"	1886117	167885
1875	"20"	"24"	1912647	169822
1876	"20"	"24"	1942656	169920
1877	"20"	"24"	1971431	169917
1878	"20"	"24"	1994573	171538
1879	"20"	"24"	2032669	172121
1880	"20"	"24"	2060782	174515
1881	"20"	"24"	2082643	177973
1882	"20"	"24"	2113302	180970
1883	"20"	"24"	2146395	182447
1884	"20"	"24"	2180547	188101
1885	"20"	"24"	2207518	187255
1886	"20"	"24"	2238572	181920
1887	"20"	"24"	2278140	177237
1888	"20"	"24"	2314179	167371
1889	"20"	"24"	2347702	166935
1890	"20"	"24"	2380140	176018
1891	"20"	"24"	2408300	180500
1892	"20"	"24"	2422500	183600
1893	"20"	"24"	2436700	186300
1894	"20"	"24"	2465700	191800
1895	"20"	"24"	2499900	197200
1896	"20"	"24"	2530900	202400
1897	"20"	"24"	2567500	208600
1898	"20"	"24"	2610300	215400
1899	"20"	"24"	2635300	218900
1900	"20"	"24"	2655900	222900
1901	"20"	"24"	2678500	222800
1902	"20"	"24"	2693900	222000
1903	"20"	"24"	2717100	226700
1904	"20"	"24"	2751900	230300
1905	"20"	"24"	2773000	232000
1906	"20"	"24"	2803700	238700
1907	"20"	"24"	2838700	245100
1908	"20"	"24"	2883000	249800
1909	"20"	"24"	2914800	249700
1910	"20"	"24"	2943400	251200
1911	"20"	"24"	2980000	252900
1912	"20"	"24"	3015500	249800
1913	"20"	"24"	3035800	246300
1914	"20"	"24"	3069500	249000
1915	"20"	"24"	3096300	255300
1916	"20"	"24"	3114200	256300
1917	"20"	"24"	3134300	261800
1918	"20"	"24"	3115300	264000
1919	"20"	"24"	3118000	271700
1920	"20"	"24"	3147600	276300
1921	"20"	"24"	3193200	286300
1922	"20"	"24"	3227800	294400
1923	"20"	"24"	3258600	297400
1924	"20"	"24"	3286200	304300
1925	"20"	"24"	3322100	310500
1926	"20"	"24"	3355200	317100
1927	"20"	"24"	3380600	325400
1928	"20"	"24"	3412100	334000
1929	"20"	"24"	3435300	340400
1930	"20"	"24"	3462700	345400
1931	"20"	"24"	3489600	350100
1932	"20"	"24"	3516000	351200
1933	"20"	"24"	3536600	349500
1934	"20"	"24"	3561600	345400
1935	"20"	"24"	3589600	339000
1936	"20"	"24"	3612400	330200
1937	"20"	"24"	3640200	323600
1938	"20"	"24"	3672100	319400
1939	"20"	"24"	3699700	304700
1940	"20"	"24"	3695617	307312
1941	"20"	"24"	3707815	307231
1942	"20"	"24"	3708801	309056
1943	"20"	"24"	3732532	315689
1944	"20"	"24"	3737096	320933
1945	"20"	"24"	3778890	320699
1946	"20"	"24"	3833072	321608
1947	"20"	"24"	3885284	323347
1948	"20"	"24"	3937840	324229
1949	"20"	"24"	3987996	327012
1950	"20"	"24"	4029803	327239
1951	"20"	"24"	4064727	323441
1952	"20"	"24"	4116228	321080
1953	"20"	"24"	4162609	312581
1954	"20"	"24"	4211191	306848
1955	"20"	"24"	4258571	302524
1956	"20"	"24"	4304832	300083
1957	"20"	"24"	4343190	300980
1958	"20"	"24"	4376314	309348
1959	"20"	"24"	4413046	317166
1960	"20"	"24"	4446222	312651
1961	"20"	"24"	4475787	333144
1962	"20"	"24"	4507098	326462
1963	"20"	"24"	4539519	328469
1964	"20"	"24"	4557567	328422
1965	"20"	"24"	4569896	355180
1966	"20"	"24"	4591842	369813
1967	"20"	"24"	4619645	411093
1968	"20"	"24"	4633292	437405
1969	"20"	"24"	4614277	449217
1970	"20"	"24"	4598336	445099
1971	"20"	"24"	4625912	442138
1972	"20"	"24"	4653401	438754
1973	"20"	"24"	4678761	431100
1974	"20"	"24"	4702387	423889
1975	"20"	"24"	4720492	417130
1976	"20"	"24"	4730836	412670
1977	"20"	"24"	4746967	403364
1978	"20"	"24"	4758088	394116
1979	"20"	"24"	4771292	386877
1980	"20"	"24"	4787778	381371
1981	"20"	"24"	4812150	377248
1982	"20"	"24"	4841715	376229
1983	"20"	"24"	4869858	379836
1984	"20"	"24"	4893748	379548
1985	"20"	"24"	4910664	377268
1986	"20"	"24"	4925644	374244
1987	"20"	"24"	4938602	370748
1988	"20"	"24"	4954359	363775
1989	"20"	"24"	4974383	353391
1990	"20"	"24"	4998478	343608
1991	"20"	"24"	5029002	332830
1992	"20"	"24"	5054982	319454
1993	"20"	"24"	5077912	306405
1994	"20"	"24"	5098754	303187
1995	"20"	"24"	5116826	305051
1996	"20"	"24"	5132320	310629
1997	"20"	"24"	5147349	317870
1998	"20"	"24"	5159646	326044
1999	"20"	"24"	5171302	328066
2000	"20"	"24"	5181115	327230
2001	"20"	"24"	5194901	325599
2002	"20"	"24"	5206295	327262
2003	"20"	"24"	5219732	330871
2004	"20"	"24"	5236611	333364
2005	"20"	"24"	5255580	333936
2006	"20"	"24"	5276955	332004
2007	"20"	"24"	5300484	327266
2008	"20"	"24"	5326314	325440
2009	"20"	"24"	5351427	324472
2010	"20"	"24"	5375276	327780
2011	"20"	"24"	5401267	332881
2012	"20"	"24"	5426674	339758
1865	"25"	"29"	1843245	138266
1866	"25"	"29"	1837506	140978
1867	"25"	"29"	1824198	143128
1868	"25"	"29"	1727538	138593
1869	"25"	"29"	1739560	142683
1870	"25"	"29"	1768769	148311
1871	"25"	"29"	1803845	149836
1872	"25"	"29"	1834611	150996
1873	"25"	"29"	1859976	151713
1874	"25"	"29"	1886117	152496
1875	"25"	"29"	1912647	153316
1876	"25"	"29"	1942656	156319
1877	"25"	"29"	1971431	159220
1878	"25"	"29"	1994573	160447
1879	"25"	"29"	2032669	163053
1880	"25"	"29"	2060782	164710
1881	"25"	"29"	2082643	163704
1882	"25"	"29"	2113302	163861
1883	"25"	"29"	2146395	165318
1884	"25"	"29"	2180547	165305
1885	"25"	"29"	2207518	167400
1886	"25"	"29"	2238572	171114
1887	"25"	"29"	2278140	174017
1888	"25"	"29"	2314179	175891
1889	"25"	"29"	2347702	181612
1890	"25"	"29"	2380140	181021
1891	"25"	"29"	2408300	183500
1892	"25"	"29"	2422500	184500
1893	"25"	"29"	2436700	185300
1894	"25"	"29"	2465700	188200
1895	"25"	"29"	2499900	191100
1896	"25"	"29"	2530900	193600
1897	"25"	"29"	2567500	197000
1898	"25"	"29"	2610300	200800
1899	"25"	"29"	2635300	201900
1900	"25"	"29"	2655900	203100
1901	"25"	"29"	2678500	202300
1902	"25"	"29"	2693900	203300
1903	"25"	"29"	2717100	204000
1904	"25"	"29"	2751900	206000
1905	"25"	"29"	2773000	206700
1906	"25"	"29"	2803700	207100
1907	"25"	"29"	2838700	209700
1908	"25"	"29"	2883000	217400
1909	"25"	"29"	2914800	219100
1910	"25"	"29"	2943400	220200
1911	"25"	"29"	2980000	228200
1912	"25"	"29"	3015500	233000
1913	"25"	"29"	3035800	233800
1914	"25"	"29"	3069500	233800
1915	"25"	"29"	3096300	234300
1916	"25"	"29"	3114200	235400
1917	"25"	"29"	3134300	232800
1918	"25"	"29"	3115300	224800
1919	"25"	"29"	3118000	226800
1920	"25"	"29"	3147600	232200
1921	"25"	"29"	3193200	235100
1922	"25"	"29"	3227800	240600
1923	"25"	"29"	3258600	250400
1924	"25"	"29"	3286200	258700
1925	"25"	"29"	3322100	263900
1926	"25"	"29"	3355200	272900
1927	"25"	"29"	3380600	280300
1928	"25"	"29"	3412100	283500
1929	"25"	"29"	3435300	289800
1930	"25"	"29"	3462700	295400
1931	"25"	"29"	3489600	303200
1932	"25"	"29"	3516000	312200
1933	"25"	"29"	3536600	320900
1934	"25"	"29"	3561600	328400
1935	"25"	"29"	3589600	335600
1936	"25"	"29"	3612400	338800
1937	"25"	"29"	3640200	340600
1938	"25"	"29"	3672100	339100
1939	"25"	"29"	3699700	333100
1940	"25"	"29"	3695617	320475
1941	"25"	"29"	3707815	305213
1942	"25"	"29"	3708801	295891
1943	"25"	"29"	3732532	290854
1944	"25"	"29"	3737096	274138
1945	"25"	"29"	3778890	279457
1946	"25"	"29"	3833072	285954
1947	"25"	"29"	3885284	289238
1948	"25"	"29"	3937840	295272
1949	"25"	"29"	3987996	309021
1950	"25"	"29"	4029803	308393
1951	"25"	"29"	4064727	308074
1952	"25"	"29"	4116228	310898
1953	"25"	"29"	4162609	312716
1954	"25"	"29"	4211191	315537
1955	"25"	"29"	4258571	317279
1956	"25"	"29"	4304832	316113
1957	"25"	"29"	4343190	312608
1958	"25"	"29"	4376314	302682
1959	"25"	"29"	4413046	295263
1960	"25"	"29"	4446222	289347
1961	"25"	"29"	4475787	285578
1962	"25"	"29"	4507098	287379
1963	"25"	"29"	4539519	296656
1964	"25"	"29"	4557567	302512
1965	"25"	"29"	4569896	296260
1966	"25"	"29"	4591842	316327
1967	"25"	"29"	4619645	310722
1968	"25"	"29"	4633292	311451
1969	"25"	"29"	4614277	307109
1970	"25"	"29"	4598336	331031
1971	"25"	"29"	4625912	349107
1972	"25"	"29"	4653401	392432
1973	"25"	"29"	4678761	423755
1974	"25"	"29"	4702387	448938
1975	"25"	"29"	4720492	453205
1976	"25"	"29"	4730836	442278
1977	"25"	"29"	4746967	431733
1978	"25"	"29"	4758088	419225
1979	"25"	"29"	4771292	409745
1980	"25"	"29"	4787778	403524
1981	"25"	"29"	4812150	402619
1982	"25"	"29"	4841715	397110
1983	"25"	"29"	4869858	391373
1984	"25"	"29"	4893748	386743
1985	"25"	"29"	4910664	382333
1986	"25"	"29"	4925644	377477
1987	"25"	"29"	4938602	375276
1988	"25"	"29"	4954359	377764
1989	"25"	"29"	4974383	377940
1990	"25"	"29"	4998478	376821
1991	"25"	"29"	5029002	376431
1992	"25"	"29"	5054982	374213
1993	"25"	"29"	5077912	368480
1994	"25"	"29"	5098754	357733
1995	"25"	"29"	5116826	347131
1996	"25"	"29"	5132320	334569
1997	"25"	"29"	5147349	320816
1998	"25"	"29"	5159646	307320
1999	"25"	"29"	5171302	304448
2000	"25"	"29"	5181115	306202
2001	"25"	"29"	5194901	312190
2002	"25"	"29"	5206295	319485
2003	"25"	"29"	5219732	327973
2004	"25"	"29"	5236611	330853
2005	"25"	"29"	5255580	331174
2006	"25"	"29"	5276955	330967
2007	"25"	"29"	5300484	334682
2008	"25"	"29"	5326314	340416
2009	"25"	"29"	5351427	344634
2010	"25"	"29"	5375276	346063
2011	"25"	"29"	5401267	345438
2012	"25"	"29"	5426674	341295
1865	"30"	"34"	1843245	124135
1866	"30"	"34"	1837506	125332
1867	"30"	"34"	1824198	126022
1868	"30"	"34"	1727538	120883
1869	"30"	"34"	1739560	123299
1870	"30"	"34"	1768769	126998
1871	"30"	"34"	1803845	130751
1872	"30"	"34"	1834611	134199
1873	"30"	"34"	1859976	137249
1874	"30"	"34"	1886117	140352
1875	"30"	"34"	1912647	143482
1876	"30"	"34"	1942656	143866
1877	"30"	"34"	1971431	144164
1878	"30"	"34"	1994573	145465
1879	"30"	"34"	2032669	147660
1880	"30"	"34"	2060782	147371
1881	"30"	"34"	2082643	151497
1882	"30"	"34"	2113302	153466
1883	"30"	"34"	2146395	154600
1884	"30"	"34"	2180547	156924
1885	"30"	"34"	2207518	158226
1886	"30"	"34"	2238572	157191
1887	"30"	"34"	2278140	156920
1888	"30"	"34"	2314179	158039
1889	"30"	"34"	2347702	157791
1890	"30"	"34"	2380140	159873
1891	"30"	"34"	2408300	160000
1892	"30"	"34"	2422500	159200
1893	"30"	"34"	2436700	158300
1894	"30"	"34"	2465700	158300
1895	"30"	"34"	2499900	158800
1896	"30"	"34"	2530900	158800
1897	"30"	"34"	2567500	159100
1898	"30"	"34"	2610300	159700
1899	"30"	"34"	2635300	159000
1900	"30"	"34"	2655900	157800
1901	"30"	"34"	2678500	167300
1902	"30"	"34"	2693900	174900
1903	"30"	"34"	2717100	188300
1904	"30"	"34"	2751900	192600
1905	"30"	"34"	2773000	191500
1906	"30"	"34"	2803700	190800
1907	"30"	"34"	2838700	194400
1908	"30"	"34"	2883000	197400
1909	"30"	"34"	2914800	197700
1910	"30"	"34"	2943400	198200
1911	"30"	"34"	2980000	198700
1912	"30"	"34"	3015500	201200
1913	"30"	"34"	3035800	204300
1914	"30"	"34"	3069500	207100
1915	"30"	"34"	3096300	209400
1916	"30"	"34"	3114200	215400
1917	"30"	"34"	3134300	219500
1918	"30"	"34"	3115300	216500
1919	"30"	"34"	3118000	215200
1920	"30"	"34"	3147600	213900
1921	"30"	"34"	3193200	217800
1922	"30"	"34"	3227800	216400
1923	"30"	"34"	3258600	214500
1924	"30"	"34"	3286200	217100
1925	"30"	"34"	3322100	223800
1926	"30"	"34"	3355200	225600
1927	"30"	"34"	3380600	230600
1928	"30"	"34"	3412100	240900
1929	"30"	"34"	3435300	248800
1930	"30"	"34"	3462700	253400
1931	"30"	"34"	3489600	262300
1932	"30"	"34"	3516000	269900
1933	"30"	"34"	3536600	273800
1934	"30"	"34"	3561600	280800
1935	"30"	"34"	3589600	286600
1936	"30"	"34"	3612400	293500
1937	"30"	"34"	3640200	302500
1938	"30"	"34"	3672100	311200
1939	"30"	"34"	3699700	317400
1940	"30"	"34"	3695617	320069
1941	"30"	"34"	3707815	317234
1942	"30"	"34"	3708801	316274
1943	"30"	"34"	3732532	313097
1944	"30"	"34"	3737096	305770
1945	"30"	"34"	3778890	298643
1946	"30"	"34"	3833072	289210
1947	"30"	"34"	3885284	281068
1948	"30"	"34"	3937840	276026
1949	"30"	"34"	3987996	262991
1950	"30"	"34"	4029803	267809
1951	"30"	"34"	4064727	273499
1952	"30"	"34"	4116228	278045
1953	"30"	"34"	4162609	285214
1954	"30"	"34"	4211191	299715
1955	"30"	"34"	4258571	300967
1956	"30"	"34"	4304832	302853
1957	"30"	"34"	4343190	305122
1958	"30"	"34"	4376314	306106
1959	"30"	"34"	4413046	308043
1960	"30"	"34"	4446222	308535
1961	"30"	"34"	4475787	306156
1962	"30"	"34"	4507098	302312
1963	"30"	"34"	4539519	292680
1964	"30"	"34"	4557567	284318
1965	"30"	"34"	4569896	278204
1966	"30"	"34"	4591842	275173
1967	"30"	"34"	4619645	278281
1968	"30"	"34"	4633292	287529
1969	"30"	"34"	4614277	293692
1970	"30"	"34"	4598336	287969
1971	"30"	"34"	4625912	307110
1972	"30"	"34"	4653401	301316
1973	"30"	"34"	4678761	304540
1974	"30"	"34"	4702387	308712
1975	"30"	"34"	4720492	336666
1976	"30"	"34"	4730836	351868
1977	"30"	"34"	4746967	390943
1978	"30"	"34"	4758088	417783
1979	"30"	"34"	4771292	439882
1980	"30"	"34"	4787778	443722
1981	"30"	"34"	4812150	435921
1982	"30"	"34"	4841715	429239
1983	"30"	"34"	4869858	419156
1984	"30"	"34"	4893748	411379
1985	"30"	"34"	4910664	405916
1986	"30"	"34"	4925644	404391
1987	"30"	"34"	4938602	397877
1988	"30"	"34"	4954359	391222
1989	"30"	"34"	4974383	386877
1990	"30"	"34"	4998478	383326
1991	"30"	"34"	5029002	380129
1992	"30"	"34"	5054982	378982
1993	"30"	"34"	5077912	382300
1994	"30"	"34"	5098754	382020
1995	"30"	"34"	5116826	379987
1996	"30"	"34"	5132320	377527
1997	"30"	"34"	5147349	374399
1998	"30"	"34"	5159646	367975
1999	"30"	"34"	5171302	357565
2000	"30"	"34"	5181115	346890
2001	"30"	"34"	5194901	335071
2002	"30"	"34"	5206295	321645
2003	"30"	"34"	5219732	308602
2004	"30"	"34"	5236611	306354
2005	"30"	"34"	5255580	308990
2006	"30"	"34"	5276955	315588
2007	"30"	"34"	5300484	323951
2008	"30"	"34"	5326314	334075
2009	"30"	"34"	5351427	337970
2010	"30"	"34"	5375276	339277
2011	"30"	"34"	5401267	340247
2012	"30"	"34"	5426674	344759
1865	"35"	"39"	1843245	122319
1866	"35"	"39"	1837506	120560
1867	"35"	"39"	1824198	118295
1868	"35"	"39"	1727538	110692
1869	"35"	"39"	1739560	110091
1870	"35"	"39"	1768769	110522
1871	"35"	"39"	1803845	113128
1872	"35"	"39"	1834611	115466
1873	"35"	"39"	1859976	117463
1874	"35"	"39"	1886117	119508
1875	"35"	"39"	1912647	121578
1876	"35"	"39"	1942656	126090
1877	"35"	"39"	1971431	130515
1878	"35"	"39"	1994573	134073
1879	"35"	"39"	2032669	135795
1880	"35"	"39"	2060782	138309
1881	"35"	"39"	2082643	139156
1882	"35"	"39"	2113302	138263
1883	"35"	"39"	2146395	139656
1884	"35"	"39"	2180547	141689
1885	"35"	"39"	2207518	141267
1886	"35"	"39"	2238572	145129
1887	"35"	"39"	2278140	146919
1888	"35"	"39"	2314179	147704
1889	"35"	"39"	2347702	149792
1890	"35"	"39"	2380140	150869
1891	"35"	"39"	2408300	152300
1892	"35"	"39"	2422500	152700
1893	"35"	"39"	2436700	153300
1894	"35"	"39"	2465700	154700
1895	"35"	"39"	2499900	156300
1896	"35"	"39"	2530900	157900
1897	"35"	"39"	2567500	159700
1898	"35"	"39"	2610300	161900
1899	"35"	"39"	2635300	163000
1900	"35"	"39"	2655900	163700
1901	"35"	"39"	2678500	158000
1902	"35"	"39"	2693900	152100
1903	"35"	"39"	2717100	141700
1904	"35"	"39"	2751900	140600
1905	"35"	"39"	2773000	147100
1906	"35"	"39"	2803700	155800
1907	"35"	"39"	2838700	164400
1908	"35"	"39"	2883000	178700
1909	"35"	"39"	2914800	181600
1910	"35"	"39"	2943400	180200
1911	"35"	"39"	2980000	181000
1912	"35"	"39"	3015500	184300
1913	"35"	"39"	3035800	184700
1914	"35"	"39"	3069500	186500
1915	"35"	"39"	3096300	188700
1916	"35"	"39"	3114200	188200
1917	"35"	"39"	3134300	190400
1918	"35"	"39"	3115300	191400
1919	"35"	"39"	3118000	193600
1920	"35"	"39"	3147600	195200
1921	"35"	"39"	3193200	203200
1922	"35"	"39"	3227800	208300
1923	"35"	"39"	3258600	210100
1924	"35"	"39"	3286200	210500
1925	"35"	"39"	3322100	211600
1926	"35"	"39"	3355200	213800
1927	"35"	"39"	3380600	211400
1928	"35"	"39"	3412100	209700
1929	"35"	"39"	3435300	211200
1930	"35"	"39"	3462700	216500
1931	"35"	"39"	3489600	217800
1932	"35"	"39"	3516000	223100
1933	"35"	"39"	3536600	232900
1934	"35"	"39"	3561600	240900
1935	"35"	"39"	3589600	246200
1936	"35"	"39"	3612400	254600
1937	"35"	"39"	3640200	261700
1938	"35"	"39"	3672100	265500
1939	"35"	"39"	3699700	271900
1940	"35"	"39"	3695617	274360
1941	"35"	"39"	3707815	277142
1942	"35"	"39"	3708801	284486
1943	"35"	"39"	3732532	291734
1944	"35"	"39"	3737096	295600
1945	"35"	"39"	3778890	301125
1946	"35"	"39"	3833072	302959
1947	"35"	"39"	3885284	302840
1948	"35"	"39"	3937840	299984
1949	"35"	"39"	3987996	295326
1950	"35"	"39"	4029803	287803
1951	"35"	"39"	4064727	277968
1952	"35"	"39"	4116228	270862
1953	"35"	"39"	4162609	267099
1954	"35"	"39"	4211191	255304
1955	"35"	"39"	4258571	261643
1956	"35"	"39"	4304832	268967
1957	"35"	"39"	4343190	273345
1958	"35"	"39"	4376314	280029
1959	"35"	"39"	4413046	293874
1960	"35"	"39"	4446222	294434
1961	"35"	"39"	4475787	295812
1962	"35"	"39"	4507098	298096
1963	"35"	"39"	4539519	299400
1964	"35"	"39"	4557567	301534
1965	"35"	"39"	4569896	302010
1966	"35"	"39"	4591842	300202
1967	"35"	"39"	4619645	296830
1968	"35"	"39"	4633292	287550
1969	"35"	"39"	4614277	280349
1970	"35"	"39"	4598336	274525
1971	"35"	"39"	4625912	272543
1972	"35"	"39"	4653401	274999
1973	"35"	"39"	4678761	284590
1974	"35"	"39"	4702387	293098
1975	"35"	"39"	4720492	289668
1976	"35"	"39"	4730836	307526
1977	"35"	"39"	4746967	300265
1978	"35"	"39"	4758088	301461
1979	"35"	"39"	4771292	304190
1980	"35"	"39"	4787778	331554
1981	"35"	"39"	4812150	347609
1982	"35"	"39"	4841715	388276
1983	"35"	"39"	4869858	416687
1984	"35"	"39"	4893748	439954
1985	"35"	"39"	4910664	444575
1986	"35"	"39"	4925644	436309
1987	"35"	"39"	4938602	428782
1988	"35"	"39"	4954359	417907
1989	"35"	"39"	4974383	410165
1990	"35"	"39"	4998478	405368
1991	"35"	"39"	5029002	405035
1992	"35"	"39"	5054982	399440
1993	"35"	"39"	5077912	393435
1994	"35"	"39"	5098754	388699
1995	"35"	"39"	5116826	384742
1996	"35"	"39"	5132320	380187
1997	"35"	"39"	5147349	378530
1998	"35"	"39"	5159646	381393
1999	"35"	"39"	5171302	380939
2000	"35"	"39"	5181115	378646
2001	"35"	"39"	5194901	376538
2002	"35"	"39"	5206295	373457
2003	"35"	"39"	5219732	367428
2004	"35"	"39"	5236611	357316
2005	"35"	"39"	5255580	347754
2006	"35"	"39"	5276955	336438
2007	"35"	"39"	5300484	324082
2008	"35"	"39"	5326314	311930
2009	"35"	"39"	5351427	310768
2010	"35"	"39"	5375276	313917
2011	"35"	"39"	5401267	320917
2012	"35"	"39"	5426674	329842
1865	"0"	"4"	1843245	264002
1866	"0"	"4"	1837506	257161
1867	"0"	"4"	1824198	249224
1868	"0"	"4"	1727538	230134
1869	"0"	"4"	1739560	225753
1870	"0"	"4"	1768769	223358
1871	"0"	"4"	1803845	234438
1872	"0"	"4"	1834611	244987
1873	"0"	"4"	1859976	254808
1874	"0"	"4"	1886117	264713
1875	"0"	"4"	1912647	274658
1876	"0"	"4"	1942656	277484
1877	"0"	"4"	1971431	280137
1878	"0"	"4"	1994573	280077
1879	"0"	"4"	2032669	287178
1880	"0"	"4"	2060782	289022
1881	"0"	"4"	2082643	287293
1882	"0"	"4"	2113302	288581
1883	"0"	"4"	2146395	295386
1884	"0"	"4"	2180547	300224
1885	"0"	"4"	2207518	302230
1886	"0"	"4"	2238572	307594
1887	"0"	"4"	2278140	316632
1888	"0"	"4"	2314179	322010
1889	"0"	"4"	2347702	323676
1890	"0"	"4"	2380140	324543
1891	"0"	"4"	2408300	327400
1892	"0"	"4"	2422500	328500
1893	"0"	"4"	2436700	329900
1894	"0"	"4"	2465700	332300
1895	"0"	"4"	2499900	335600
1896	"0"	"4"	2530900	338700
1897	"0"	"4"	2567500	342100
1898	"0"	"4"	2610300	346400
1899	"0"	"4"	2635300	349300
1900	"0"	"4"	2655900	351400
1901	"0"	"4"	2678500	354100
1902	"0"	"4"	2693900	358300
1903	"0"	"4"	2717100	356900
1904	"0"	"4"	2751900	362200
1905	"0"	"4"	2773000	365900
1906	"0"	"4"	2803700	370000
1907	"0"	"4"	2838700	376700
1908	"0"	"4"	2883000	382600
1909	"0"	"4"	2914800	389600
1910	"0"	"4"	2943400	395000
1911	"0"	"4"	2980000	395100
1912	"0"	"4"	3015500	395300
1913	"0"	"4"	3035800	391600
1914	"0"	"4"	3069500	387700
1915	"0"	"4"	3096300	382000
1916	"0"	"4"	3114200	371600
1917	"0"	"4"	3134300	361200
1918	"0"	"4"	3115300	351800
1919	"0"	"4"	3118000	328300
1920	"0"	"4"	3147600	333200
1921	"0"	"4"	3193200	339800
1922	"0"	"4"	3227800	342300
1923	"0"	"4"	3258600	347100
1924	"0"	"4"	3286200	357800
1925	"0"	"4"	3322100	355300
1926	"0"	"4"	3355200	353000
1927	"0"	"4"	3380600	350200
1928	"0"	"4"	3412100	348500
1929	"0"	"4"	3435300	346600
1930	"0"	"4"	3462700	345800
1931	"0"	"4"	3489600	342000
1932	"0"	"4"	3516000	337200
1933	"0"	"4"	3536600	326200
1934	"0"	"4"	3561600	319100
1935	"0"	"4"	3589600	317500
1936	"0"	"4"	3612400	316400
1937	"0"	"4"	3640200	320700
1938	"0"	"4"	3672100	332900
1939	"0"	"4"	3699700	343200
1940	"0"	"4"	3695617	337957
1941	"0"	"4"	3707815	356916
1942	"0"	"4"	3708801	347046
1943	"0"	"4"	3732532	348305
1944	"0"	"4"	3737096	349515
1945	"0"	"4"	3778890	377739
1946	"0"	"4"	3833072	395211
1947	"0"	"4"	3885284	439631
1948	"0"	"4"	3937840	472050
1949	"0"	"4"	3987996	498426
1950	"0"	"4"	4029803	502668
1951	"0"	"4"	4064727	488536
1952	"0"	"4"	4116228	476566
1953	"0"	"4"	4162609	461397
1954	"0"	"4"	4211191	449554
1955	"0"	"4"	4258571	441992
1956	"0"	"4"	4304832	439216
1957	"0"	"4"	4343190	431724
1958	"0"	"4"	4376314	422636
1959	"0"	"4"	4413046	416383
1960	"0"	"4"	4446222	408588
1961	"0"	"4"	4475787	401046
1962	"0"	"4"	4507098	397226
1963	"0"	"4"	4539519	398517
1964	"0"	"4"	4557567	395444
1965	"0"	"4"	4569896	390891
1966	"0"	"4"	4591842	385988
1967	"0"	"4"	4619645	382156
1968	"0"	"4"	4633292	372546
1969	"0"	"4"	4614277	356043
1970	"0"	"4"	4598336	339444
1971	"0"	"4"	4625912	327712
1972	"0"	"4"	4653401	314863
1973	"0"	"4"	4678761	302499
1974	"0"	"4"	4702387	300963
1975	"0"	"4"	4720492	303395
1976	"0"	"4"	4730836	307599
1977	"0"	"4"	4746967	312572
1978	"0"	"4"	4758088	319534
1979	"0"	"4"	4771292	320963
1980	"0"	"4"	4787778	319531
1981	"0"	"4"	4812150	317950
1982	"0"	"4"	4841715	319796
1983	"0"	"4"	4869858	323426
1984	"0"	"4"	4893748	325311
1985	"0"	"4"	4910664	324742
1986	"0"	"4"	4925644	321566
1987	"0"	"4"	4938602	314880
1988	"0"	"4"	4954359	311064
1989	"0"	"4"	4974383	309419
1990	"0"	"4"	4998478	312485
1991	"0"	"4"	5029002	317756
1992	"0"	"4"	5054982	324759
1993	"0"	"4"	5077912	326440
1994	"0"	"4"	5098754	327702
1995	"0"	"4"	5116826	324870
1996	"0"	"4"	5132320	320172
1997	"0"	"4"	5147349	312733
1998	"0"	"4"	5159646	304936
1999	"0"	"4"	5171302	297522
2000	"0"	"4"	5181115	291275
2001	"0"	"4"	5194901	286792
2002	"0"	"4"	5206295	283195
2003	"0"	"4"	5219732	283137
2004	"0"	"4"	5236611	283693
2005	"0"	"4"	5255580	284949
2006	"0"	"4"	5276955	288127
2007	"0"	"4"	5300484	291628
2008	"0"	"4"	5326314	295002
2009	"0"	"4"	5351427	298114
2010	"0"	"4"	5375276	301621
2011	"0"	"4"	5401267	302977
2012	"0"	"4"	5426674	304083
1865	"40"	"44"	1843245	111601
1866	"40"	"44"	1837506	111314
1867	"40"	"44"	1824198	110568
1868	"40"	"44"	1727538	104773
1869	"40"	"44"	1739560	105561
1870	"40"	"44"	1768769	107394
1871	"40"	"44"	1803845	107417
1872	"40"	"44"	1834611	107174
1873	"40"	"44"	1859976	106619
1874	"40"	"44"	1886117	106113
1875	"40"	"44"	1912647	105634
1876	"40"	"44"	1942656	105940
1877	"40"	"44"	1971431	106183
1878	"40"	"44"	1994573	110744
1879	"40"	"44"	2032669	112289
1880	"40"	"44"	2060782	115478
1881	"40"	"44"	2082643	119115
1882	"40"	"44"	2113302	124201
1883	"40"	"44"	2146395	127663
1884	"40"	"44"	2180547	129131
1885	"40"	"44"	2207518	131495
1886	"40"	"44"	2238572	132322
1887	"40"	"44"	2278140	131415
1888	"40"	"44"	2314179	132751
1889	"40"	"44"	2347702	134546
1890	"40"	"44"	2380140	134232
1891	"40"	"44"	2408300	135400
1892	"40"	"44"	2422500	135700
1893	"40"	"44"	2436700	136100
1894	"40"	"44"	2465700	137100
1895	"40"	"44"	2499900	138500
1896	"40"	"44"	2530900	139800
1897	"40"	"44"	2567500	141100
1898	"40"	"44"	2610300	142900
1899	"40"	"44"	2635300	143700
1900	"40"	"44"	2655900	144300
1901	"40"	"44"	2678500	147400
1902	"40"	"44"	2693900	149100
1903	"40"	"44"	2717100	150100
1904	"40"	"44"	2751900	154700
1905	"40"	"44"	2773000	152800
1906	"40"	"44"	2803700	147200
1907	"40"	"44"	2838700	142300
1908	"40"	"44"	2883000	133500
1909	"40"	"44"	2914800	131900
1910	"40"	"44"	2943400	138200
1911	"40"	"44"	2980000	147100
1912	"40"	"44"	3015500	156000
1913	"40"	"44"	3035800	167500
1914	"40"	"44"	3069500	171700
1915	"40"	"44"	3096300	171400
1916	"40"	"44"	3114200	171300
1917	"40"	"44"	3134300	174400
1918	"40"	"44"	3115300	173000
1919	"40"	"44"	3118000	174400
1920	"40"	"44"	3147600	176200
1921	"40"	"44"	3193200	178000
1922	"40"	"44"	3227800	180800
1923	"40"	"44"	3258600	185400
1924	"40"	"44"	3286200	187800
1925	"40"	"44"	3322100	190400
1926	"40"	"44"	3355200	195900
1927	"40"	"44"	3380600	199400
1928	"40"	"44"	3412100	200600
1929	"40"	"44"	3435300	199600
1930	"40"	"44"	3462700	199200
1931	"40"	"44"	3489600	201400
1932	"40"	"44"	3516000	200100
1933	"40"	"44"	3536600	198800
1934	"40"	"44"	3561600	201900
1935	"40"	"44"	3589600	208600
1936	"40"	"44"	3612400	210500
1937	"40"	"44"	3640200	215700
1938	"40"	"44"	3672100	225500
1939	"40"	"44"	3699700	233700
1940	"40"	"44"	3695617	237688
1941	"40"	"44"	3707815	242380
1942	"40"	"44"	3708801	247431
1943	"40"	"44"	3732532	249763
1944	"40"	"44"	3737096	254636
1945	"40"	"44"	3778890	258828
1946	"40"	"44"	3833072	264341
1947	"40"	"44"	3885284	271574
1948	"40"	"44"	3937840	278372
1949	"40"	"44"	3987996	283986
1950	"40"	"44"	4029803	289641
1951	"40"	"44"	4064727	291547
1952	"40"	"44"	4116228	292561
1953	"40"	"44"	4162609	290864
1954	"40"	"44"	4211191	287008
1955	"40"	"44"	4258571	280874
1956	"40"	"44"	4304832	272719
1957	"40"	"44"	4343190	265418
1958	"40"	"44"	4376314	261714
1959	"40"	"44"	4413046	249854
1960	"40"	"44"	4446222	256081
1961	"40"	"44"	4475787	262566
1962	"40"	"44"	4507098	267207
1963	"40"	"44"	4539519	273915
1964	"40"	"44"	4557567	287385
1965	"40"	"44"	4569896	287844
1966	"40"	"44"	4591842	289725
1967	"40"	"44"	4619645	292048
1968	"40"	"44"	4633292	293081
1969	"40"	"44"	4614277	294473
1970	"40"	"44"	4598336	294269
1971	"40"	"44"	4625912	293090
1972	"40"	"44"	4653401	290604
1973	"40"	"44"	4678761	282789
1974	"40"	"44"	4702387	277097
1975	"40"	"44"	4720492	272812
1976	"40"	"44"	4730836	270335
1977	"40"	"44"	4746967	272488
1978	"40"	"44"	4758088	281075
1979	"40"	"44"	4771292	288906
1980	"40"	"44"	4787778	285468
1981	"40"	"44"	4812150	303812
1982	"40"	"44"	4841715	297042
1983	"40"	"44"	4869858	298954
1984	"40"	"44"	4893748	302189
1985	"40"	"44"	4910664	329792
1986	"40"	"44"	4925644	345642
1987	"40"	"44"	4938602	385651
1988	"40"	"44"	4954359	413394
1989	"40"	"44"	4974383	436378
1990	"40"	"44"	4998478	441173
1991	"40"	"44"	5029002	433899
1992	"40"	"44"	5054982	427055
1993	"40"	"44"	5077912	417037
1994	"40"	"44"	5098754	409270
1995	"40"	"44"	5116826	404232
1996	"40"	"44"	5132320	403081
1997	"40"	"44"	5147349	397190
1998	"40"	"44"	5159646	391075
1999	"40"	"44"	5171302	386486
2000	"40"	"44"	5181115	382265
2001	"40"	"44"	5194901	378091
2002	"40"	"44"	5206295	376608
2003	"40"	"44"	5219732	379711
2004	"40"	"44"	5236611	379466
2005	"40"	"44"	5255580	377782
2006	"40"	"44"	5276955	376003
2007	"40"	"44"	5300484	373599
2008	"40"	"44"	5326314	368125
2009	"40"	"44"	5351427	358754
2010	"40"	"44"	5375276	349683
2011	"40"	"44"	5401267	339160
2012	"40"	"44"	5426674	327470
1865	"45"	"49"	1843245	95945
1866	"45"	"49"	1837506	95961
1867	"45"	"49"	1824198	95583
1868	"45"	"49"	1727538	90832
1869	"45"	"49"	1739560	91776
1870	"45"	"49"	1768769	93640
1871	"45"	"49"	1803845	95141
1872	"45"	"49"	1834611	96412
1873	"45"	"49"	1859976	97400
1874	"45"	"49"	1886117	98430
1875	"45"	"49"	1912647	99482
1876	"45"	"49"	1942656	98207
1877	"45"	"49"	1971431	96878
1878	"45"	"49"	1994573	93510
1879	"45"	"49"	2032669	95878
1880	"45"	"49"	2060782	96630
1881	"45"	"49"	2082643	97688
1882	"45"	"49"	2113302	100258
1883	"45"	"49"	2146395	104736
1884	"45"	"49"	2180547	106017
1885	"45"	"49"	2207518	108936
1886	"45"	"49"	2238572	112416
1887	"45"	"49"	2278140	117115
1888	"45"	"49"	2314179	120287
1889	"45"	"49"	2347702	121684
1890	"45"	"49"	2380140	123832
1891	"45"	"49"	2408300	125000
1892	"45"	"49"	2422500	125700
1893	"45"	"49"	2436700	126000
1894	"45"	"49"	2465700	127200
1895	"45"	"49"	2499900	128700
1896	"45"	"49"	2530900	130000
1897	"45"	"49"	2567500	131600
1898	"45"	"49"	2610300	133200
1899	"45"	"49"	2635300	134400
1900	"45"	"49"	2655900	135200
1901	"45"	"49"	2678500	134000
1902	"45"	"49"	2693900	132800
1903	"45"	"49"	2717100	133000
1904	"45"	"49"	2751900	132400
1905	"45"	"49"	2773000	133300
1906	"45"	"49"	2803700	135800
1907	"45"	"49"	2838700	137700
1908	"45"	"49"	2883000	139000
1909	"45"	"49"	2914800	142400
1910	"45"	"49"	2943400	139900
1911	"45"	"49"	2980000	135500
1912	"45"	"49"	3015500	131100
1913	"45"	"49"	3035800	121400
1914	"45"	"49"	3069500	120800
1915	"45"	"49"	3096300	127700
1916	"45"	"49"	3114200	136100
1917	"45"	"49"	3134300	145100
1918	"45"	"49"	3115300	155200
1919	"45"	"49"	3118000	159700
1920	"45"	"49"	3147600	159800
1921	"45"	"49"	3193200	160600
1922	"45"	"49"	3227800	163900
1923	"45"	"49"	3258600	164600
1924	"45"	"49"	3286200	165900
1925	"45"	"49"	3322100	168200
1926	"45"	"49"	3355200	169000
1927	"45"	"49"	3380600	171100
1928	"45"	"49"	3412100	175700
1929	"45"	"49"	3435300	177400
1930	"45"	"49"	3462700	179300
1931	"45"	"49"	3489600	185000
1932	"45"	"49"	3516000	190100
1933	"45"	"49"	3536600	192800
1934	"45"	"49"	3561600	193300
1935	"45"	"49"	3589600	194300
1936	"45"	"49"	3612400	196400
1937	"45"	"49"	3640200	194300
1938	"45"	"49"	3672100	192300
1939	"45"	"49"	3699700	194500
1940	"45"	"49"	3695617	200158
1941	"45"	"49"	3707815	202145
1942	"45"	"49"	3708801	205880
1943	"45"	"49"	3732532	213493
1944	"45"	"49"	3737096	219609
1945	"45"	"49"	3778890	222664
1946	"45"	"49"	3833072	228545
1947	"45"	"49"	3885284	234072
1948	"45"	"49"	3937840	236601
1949	"45"	"49"	3987996	241938
1950	"45"	"49"	4029803	246377
1951	"45"	"49"	4064727	252382
1952	"45"	"49"	4116228	260536
1953	"45"	"49"	4162609	268100
1954	"45"	"49"	4211191	274635
1955	"45"	"49"	4258571	281187
1956	"45"	"49"	4304832	283922
1957	"45"	"49"	4343190	285075
1958	"45"	"49"	4376314	283397
1959	"45"	"49"	4413046	279648
1960	"45"	"49"	4446222	273220
1961	"45"	"49"	4475787	265010
1962	"45"	"49"	4507098	257652
1963	"45"	"49"	4539519	254397
1964	"45"	"49"	4557567	242740
1965	"45"	"49"	4569896	248616
1966	"45"	"49"	4591842	255289
1967	"45"	"49"	4619645	259816
1968	"45"	"49"	4633292	266180
1969	"45"	"49"	4614277	278883
1970	"45"	"49"	4598336	278969
1971	"45"	"49"	4625912	281004
1972	"45"	"49"	4653401	283842
1973	"45"	"49"	4678761	285700
1974	"45"	"49"	4702387	288314
1975	"45"	"49"	4720492	289296
1976	"45"	"49"	4730836	287696
1977	"45"	"49"	4746967	285251
1978	"45"	"49"	4758088	277222
1979	"45"	"49"	4771292	271437
1980	"45"	"49"	4787778	267664
1981	"45"	"49"	4812150	265612
1982	"45"	"49"	4841715	267837
1983	"45"	"49"	4869858	276757
1984	"45"	"49"	4893748	284840
1985	"45"	"49"	4910664	281599
1986	"45"	"49"	4925644	299754
1987	"45"	"49"	4938602	292980
1988	"45"	"49"	4954359	294692
1989	"45"	"49"	4974383	297913
1990	"45"	"49"	4998478	325282
1991	"45"	"49"	5029002	341453
1992	"45"	"49"	5054982	381240
1993	"45"	"49"	5077912	409135
1994	"45"	"49"	5098754	431795
1995	"45"	"49"	5116826	436449
1996	"45"	"49"	5132320	428832
1997	"45"	"49"	5147349	421934
1998	"45"	"49"	5159646	411958
1999	"45"	"49"	5171302	404445
2000	"45"	"49"	5181115	399427
2001	"45"	"49"	5194901	398557
2002	"45"	"49"	5206295	393036
2003	"45"	"49"	5219732	387053
2004	"45"	"49"	5236611	382724
2005	"45"	"49"	5255580	379095
2006	"45"	"49"	5276955	375319
2007	"45"	"49"	5300484	374364
2008	"45"	"49"	5326314	377979
2009	"45"	"49"	5351427	378341
2010	"45"	"49"	5375276	377077
2011	"45"	"49"	5401267	375591
2012	"45"	"49"	5426674	373298
1865	"50"	"54"	1843245	77035
1866	"50"	"54"	1837506	77770
1867	"50"	"54"	1824198	78193
1868	"50"	"54"	1727538	75008
1869	"50"	"54"	1739560	76501
1870	"50"	"54"	1768769	78786
1871	"50"	"54"	1803845	80836
1872	"50"	"54"	1834611	82694
1873	"50"	"54"	1859976	84309
1874	"50"	"54"	1886117	85958
1875	"50"	"54"	1912647	87623
1876	"50"	"54"	1942656	89149
1877	"50"	"54"	1971431	90619
1878	"50"	"54"	1994573	91346
1879	"50"	"54"	2032669	92604
1880	"50"	"54"	2060782	92845
1881	"50"	"54"	2082643	91463
1882	"50"	"54"	2113302	90137
1883	"50"	"54"	2146395	87081
1884	"50"	"54"	2180547	89085
1885	"50"	"54"	2207518	90019
1886	"50"	"54"	2238572	91151
1887	"50"	"54"	2278140	93447
1888	"50"	"54"	2314179	97493
1889	"50"	"54"	2347702	98518
1890	"50"	"54"	2380140	101240
1891	"50"	"54"	2408300	103000
1892	"50"	"54"	2422500	104000
1893	"50"	"54"	2436700	105300
1894	"50"	"54"	2465700	106900
1895	"50"	"54"	2499900	108700
1896	"50"	"54"	2530900	110500
1897	"50"	"54"	2567500	112600
1898	"50"	"54"	2610300	114900
1899	"50"	"54"	2635300	116600
1900	"50"	"54"	2655900	118200
1901	"50"	"54"	2678500	121100
1902	"50"	"54"	2693900	121900
1903	"50"	"54"	2717100	122200
1904	"50"	"54"	2751900	123500
1905	"50"	"54"	2773000	123500
1906	"50"	"54"	2803700	121900
1907	"50"	"54"	2838700	120900
1908	"50"	"54"	2883000	121300
1909	"50"	"54"	2914800	120000
1910	"50"	"54"	2943400	120700
1911	"50"	"54"	2980000	123800
1912	"50"	"54"	3015500	126600
1913	"50"	"54"	3035800	127400
1914	"50"	"54"	3069500	131900
1915	"50"	"54"	3096300	131300
1916	"50"	"54"	3114200	127000
1917	"50"	"54"	3134300	122900
1918	"50"	"54"	3115300	113500
1919	"50"	"54"	3118000	113400
1920	"50"	"54"	3147600	120200
1921	"50"	"54"	3193200	128400
1922	"50"	"54"	3227800	136000
1923	"50"	"54"	3258600	146400
1924	"50"	"54"	3286200	150200
1925	"50"	"54"	3322100	150600
1926	"50"	"54"	3355200	150600
1927	"50"	"54"	3380600	153400
1928	"50"	"54"	3412100	154300
1929	"50"	"54"	3435300	155500
1930	"50"	"54"	3462700	157800
1931	"50"	"54"	3489600	158100
1932	"50"	"54"	3516000	160200
1933	"50"	"54"	3536600	165100
1934	"50"	"54"	3561600	167500
1935	"50"	"54"	3589600	169200
1936	"50"	"54"	3612400	173900
1937	"50"	"54"	3640200	177200
1938	"50"	"54"	3672100	178700
1939	"50"	"54"	3699700	178000
1940	"50"	"54"	3695617	177939
1941	"50"	"54"	3707815	180258
1942	"50"	"54"	3708801	179624
1943	"50"	"54"	3732532	178957
1944	"50"	"54"	3737096	181012
1945	"50"	"54"	3778890	185753
1946	"50"	"54"	3833072	186909
1947	"50"	"54"	3885284	190135
1948	"50"	"54"	3937840	197692
1949	"50"	"54"	3987996	204276
1950	"50"	"54"	4029803	208010
1951	"50"	"54"	4064727	214719
1952	"50"	"54"	4116228	221502
1953	"50"	"54"	4162609	224844
1954	"50"	"54"	4211191	231084
1955	"50"	"54"	4258571	236158
1956	"50"	"54"	4304832	242635
1957	"50"	"54"	4343190	250372
1958	"50"	"54"	4376314	257872
1959	"50"	"54"	4413046	264218
1960	"50"	"54"	4446222	270526
1961	"50"	"54"	4475787	272903
1962	"50"	"54"	4507098	274237
1963	"50"	"54"	4539519	272306
1964	"50"	"54"	4557567	268655
1965	"50"	"54"	4569896	262382
1966	"50"	"54"	4591842	254870
1967	"50"	"54"	4619645	247905
1968	"50"	"54"	4633292	244665
1969	"50"	"54"	4614277	233190
1970	"50"	"54"	4598336	238497
1971	"50"	"54"	4625912	245325
1972	"50"	"54"	4653401	249662
1973	"50"	"54"	4678761	256655
1974	"50"	"54"	4702387	269687
1975	"50"	"54"	4720492	270631
1976	"50"	"54"	4730836	272526
1977	"50"	"54"	4746967	275440
1978	"50"	"54"	4758088	276817
1979	"50"	"54"	4771292	279478
1980	"50"	"54"	4787778	280688
1981	"50"	"54"	4812150	279769
1982	"50"	"54"	4841715	277378
1983	"50"	"54"	4869858	270091
1984	"50"	"54"	4893748	264891
1985	"50"	"54"	4910664	261536
1986	"50"	"54"	4925644	259572
1987	"50"	"54"	4938602	261688
1988	"50"	"54"	4954359	270273
1989	"50"	"54"	4974383	278177
1990	"50"	"54"	4998478	275265
1991	"50"	"54"	5029002	293585
1992	"50"	"54"	5054982	287170
1993	"50"	"54"	5077912	289144
1994	"50"	"54"	5098754	292435
1995	"50"	"54"	5116826	319111
1996	"50"	"54"	5132320	334890
1997	"50"	"54"	5147349	373934
1998	"50"	"54"	5159646	401144
1999	"50"	"54"	5171302	423566
2000	"50"	"54"	5181115	428147
2001	"50"	"54"	5194901	420940
2002	"50"	"54"	5206295	414266
2003	"50"	"54"	5219732	404572
2004	"50"	"54"	5236611	397493
2005	"50"	"54"	5255580	392973
2006	"50"	"54"	5276955	392282
2007	"50"	"54"	5300484	387167
2008	"50"	"54"	5326314	381671
2009	"50"	"54"	5351427	378037
2010	"50"	"54"	5375276	374857
2011	"50"	"54"	5401267	371613
2012	"50"	"54"	5426674	371171
1865	"55"	"59"	1843245	58742
1866	"55"	"59"	1837506	59117
1867	"55"	"59"	1824198	59252
1868	"55"	"59"	1727538	56672
1869	"55"	"59"	1739560	57621
1870	"55"	"59"	1768769	59159
1871	"55"	"59"	1803845	61517
1872	"55"	"59"	1834611	63733
1873	"55"	"59"	1859976	65760
1874	"55"	"59"	1886117	67813
1875	"55"	"59"	1912647	69875
1876	"55"	"59"	1942656	71646
1877	"55"	"59"	1971431	73369
1878	"55"	"59"	1994573	75548
1879	"55"	"59"	2032669	77507
1880	"55"	"59"	2060782	79153
1881	"55"	"59"	2082643	79891
1882	"55"	"59"	2113302	82266
1883	"55"	"59"	2146395	83106
1884	"55"	"59"	2180547	84102
1885	"55"	"59"	2207518	84256
1886	"55"	"59"	2238572	82943
1887	"55"	"59"	2278140	81599
1888	"55"	"59"	2314179	78741
1889	"55"	"59"	2347702	80782
1890	"55"	"59"	2380140	81889
1891	"55"	"59"	2408300	84100
1892	"55"	"59"	2422500	85900
1893	"55"	"59"	2436700	87800
1894	"55"	"59"	2465700	89900
1895	"55"	"59"	2499900	92400
1896	"55"	"59"	2530900	94900
1897	"55"	"59"	2567500	97400
1898	"55"	"59"	2610300	100200
1899	"55"	"59"	2635300	102700
1900	"55"	"59"	2655900	105000
1901	"55"	"59"	2678500	105400
1902	"55"	"59"	2693900	104300
1903	"55"	"59"	2717100	105100
1904	"55"	"59"	2751900	106200
1905	"55"	"59"	2773000	105300
1906	"55"	"59"	2803700	107900
1907	"55"	"59"	2838700	108600
1908	"55"	"59"	2883000	109000
1909	"55"	"59"	2914800	110000
1910	"55"	"59"	2943400	109800
1911	"55"	"59"	2980000	108900
1912	"55"	"59"	3015500	108200
1913	"55"	"59"	3035800	108200
1914	"55"	"59"	3069500	107900
1915	"55"	"59"	3096300	109400
1916	"55"	"59"	3114200	111900
1917	"55"	"59"	3134300	114000
1918	"55"	"59"	3115300	114100
1919	"55"	"59"	3118000	117900
1920	"55"	"59"	3147600	117400
1921	"55"	"59"	3193200	113900
1922	"55"	"59"	3227800	110200
1923	"55"	"59"	3258600	102600
1924	"55"	"59"	3286200	102300
1925	"55"	"59"	3322100	108500
1926	"55"	"59"	3355200	116000
1927	"55"	"59"	3380600	123200
1928	"55"	"59"	3412100	133300
1929	"55"	"59"	3435300	136900
1930	"55"	"59"	3462700	137400
1931	"55"	"59"	3489600	137000
1932	"55"	"59"	3516000	139700
1933	"55"	"59"	3536600	140500
1934	"55"	"59"	3561600	141600
1935	"55"	"59"	3589600	143900
1936	"55"	"59"	3612400	144300
1937	"55"	"59"	3640200	145500
1938	"55"	"59"	3672100	149700
1939	"55"	"59"	3699700	151600
1940	"55"	"59"	3695617	152556
1941	"55"	"59"	3707815	156411
1942	"55"	"59"	3708801	158804
1943	"55"	"59"	3732532	160671
1944	"55"	"59"	3737096	160567
1945	"55"	"59"	3778890	161698
1946	"55"	"59"	3833072	163931
1947	"55"	"59"	3885284	163113
1948	"55"	"59"	3937840	161616
1949	"55"	"59"	3987996	162781
1950	"55"	"59"	4029803	166748
1951	"55"	"59"	4064727	169438
1952	"55"	"59"	4116228	174312
1953	"55"	"59"	4162609	183078
1954	"55"	"59"	4211191	190468
1955	"55"	"59"	4258571	195136
1956	"55"	"59"	4304832	202150
1957	"55"	"59"	4343190	208545
1958	"55"	"59"	4376314	211703
1959	"55"	"59"	4413046	217905
1960	"55"	"59"	4446222	222817
1961	"55"	"59"	4475787	228700
1962	"55"	"59"	4507098	235821
1963	"55"	"59"	4539519	242896
1964	"55"	"59"	4557567	248828
1965	"55"	"59"	4569896	254676
1966	"55"	"59"	4591842	256956
1967	"55"	"59"	4619645	258224
1968	"55"	"59"	4633292	256640
1969	"55"	"59"	4614277	253044
1970	"55"	"59"	4598336	247313
1971	"55"	"59"	4625912	240178
1972	"55"	"59"	4653401	234660
1973	"55"	"59"	4678761	231831
1974	"55"	"59"	4702387	221509
1975	"55"	"59"	4720492	227320
1976	"55"	"59"	4730836	233769
1977	"55"	"59"	4746967	238210
1978	"55"	"59"	4758088	244946
1979	"55"	"59"	4771292	257433
1980	"55"	"59"	4787778	258819
1981	"55"	"59"	4812150	260998
1982	"55"	"59"	4841715	263763
1983	"55"	"59"	4869858	265476
1984	"55"	"59"	4893748	268257
1985	"55"	"59"	4910664	269654
1986	"55"	"59"	4925644	269110
1987	"55"	"59"	4938602	267091
1988	"55"	"59"	4954359	260096
1989	"55"	"59"	4974383	255274
1990	"55"	"59"	4998478	252434
1991	"55"	"59"	5029002	251058
1992	"55"	"59"	5054982	253661
1993	"55"	"59"	5077912	262399
1994	"55"	"59"	5098754	270468
1995	"55"	"59"	5116826	267867
1996	"55"	"59"	5132320	285534
1997	"55"	"59"	5147349	279074
1998	"55"	"59"	5159646	281074
1999	"55"	"59"	5171302	284194
2000	"55"	"59"	5181115	310083
2001	"55"	"59"	5194901	325664
2002	"55"	"59"	5206295	363817
2003	"55"	"59"	5219732	390583
2004	"55"	"59"	5236611	412327
2005	"55"	"59"	5255580	416888
2006	"55"	"59"	5276955	410077
2007	"55"	"59"	5300484	403762
2008	"55"	"59"	5326314	394516
2009	"55"	"59"	5351427	388165
2010	"55"	"59"	5375276	384108
2011	"55"	"59"	5401267	383809
2012	"55"	"59"	5426674	379195
1865	"60"	"64"	1843245	54521
1866	"60"	"64"	1837506	52270
1867	"60"	"64"	1824198	49792
1868	"60"	"64"	1727538	45151
1869	"60"	"64"	1739560	43394
1870	"60"	"64"	1768769	41981
1871	"60"	"64"	1803845	43830
1872	"60"	"64"	1834611	45578
1873	"60"	"64"	1859976	47193
1874	"60"	"64"	1886117	48823
1875	"60"	"64"	1912647	50461
1876	"60"	"64"	1942656	52856
1877	"60"	"64"	1971431	55212
1878	"60"	"64"	1994573	58007
1879	"60"	"64"	2032669	59820
1880	"60"	"64"	2060782	61323
1881	"60"	"64"	2082643	63516
1882	"60"	"64"	2113302	63494
1883	"60"	"64"	2146395	65674
1884	"60"	"64"	2180547	67433
1885	"60"	"64"	2207518	69021
1886	"60"	"64"	2238572	69880
1887	"60"	"64"	2278140	71835
1888	"60"	"64"	2314179	72380
1889	"60"	"64"	2347702	73115
1890	"60"	"64"	2380140	73379
1891	"60"	"64"	2408300	74200
1892	"60"	"64"	2422500	74600
1893	"60"	"64"	2436700	74900
1894	"60"	"64"	2465700	75500
1895	"60"	"64"	2499900	76500
1896	"60"	"64"	2530900	77200
1897	"60"	"64"	2567500	78000
1898	"60"	"64"	2610300	79100
1899	"60"	"64"	2635300	79900
1900	"60"	"64"	2655900	80500
1901	"60"	"64"	2678500	82900
1902	"60"	"64"	2693900	86200
1903	"60"	"64"	2717100	88600
1904	"60"	"64"	2751900	89400
1905	"60"	"64"	2773000	90600
1906	"60"	"64"	2803700	90700
1907	"60"	"64"	2838700	89700
1908	"60"	"64"	2883000	90700
1909	"60"	"64"	2914800	91400
1910	"60"	"64"	2943400	90700
1911	"60"	"64"	2980000	93300
1912	"60"	"64"	3015500	94400
1913	"60"	"64"	3035800	94700
1914	"60"	"64"	3069500	96300
1915	"60"	"64"	3096300	96700
1916	"60"	"64"	3114200	95600
1917	"60"	"64"	3134300	94700
1918	"60"	"64"	3115300	94400
1919	"60"	"64"	3118000	94200
1920	"60"	"64"	3147600	95800
1921	"60"	"64"	3193200	98600
1922	"60"	"64"	3227800	100500
1923	"60"	"64"	3258600	101700
1924	"60"	"64"	3286200	104600
1925	"60"	"64"	3322100	104100
1926	"60"	"64"	3355200	100800
1927	"60"	"64"	3380600	97600
1928	"60"	"64"	3412100	91300
1929	"60"	"64"	3435300	91600
1930	"60"	"64"	3462700	97300
1931	"60"	"64"	3489600	103100
1932	"60"	"64"	3516000	109300
1933	"60"	"64"	3536600	117500
1934	"60"	"64"	3561600	120700
1935	"60"	"64"	3589600	120800
1936	"60"	"64"	3612400	120700
1937	"60"	"64"	3640200	123200
1938	"60"	"64"	3672100	124100
1939	"60"	"64"	3699700	125400
1940	"60"	"64"	3695617	127370
1941	"60"	"64"	3707815	127500
1942	"60"	"64"	3708801	128341
1943	"60"	"64"	3732532	130977
1944	"60"	"64"	3737096	132353
1945	"60"	"64"	3778890	133434
1946	"60"	"64"	3833072	136630
1947	"60"	"64"	3885284	139083
1948	"60"	"64"	3937840	140679
1949	"60"	"64"	3987996	140335
1950	"60"	"64"	4029803	140720
1951	"60"	"64"	4064727	143176
1952	"60"	"64"	4116228	143179
1953	"60"	"64"	4162609	142870
1954	"60"	"64"	4211191	145810
1955	"60"	"64"	4258571	151381
1956	"60"	"64"	4304832	154360
1957	"60"	"64"	4343190	158800
1958	"60"	"64"	4376314	167066
1959	"60"	"64"	4413046	173639
1960	"60"	"64"	4446222	178185
1961	"60"	"64"	4475787	184471
1962	"60"	"64"	4507098	190485
1963	"60"	"64"	4539519	193370
1964	"60"	"64"	4557567	198959
1965	"60"	"64"	4569896	203467
1966	"60"	"64"	4591842	209212
1967	"60"	"64"	4619645	216031
1968	"60"	"64"	4633292	222666
1969	"60"	"64"	4614277	228245
1970	"60"	"64"	4598336	233456
1971	"60"	"64"	4625912	236036
1972	"60"	"64"	4653401	237316
1973	"60"	"64"	4678761	236530
1974	"60"	"64"	4702387	233781
1975	"60"	"64"	4720492	229056
1976	"60"	"64"	4730836	222691
1977	"60"	"64"	4746967	218000
1978	"60"	"64"	4758088	215630
1979	"60"	"64"	4771292	206367
1980	"60"	"64"	4787778	212225
1981	"60"	"64"	4812150	218653
1982	"60"	"64"	4841715	222943
1983	"60"	"64"	4869858	229757
1984	"60"	"64"	4893748	241852
1985	"60"	"64"	4910664	243344
1986	"60"	"64"	4925644	245621
1987	"60"	"64"	4938602	248274
1988	"60"	"64"	4954359	250160
1989	"60"	"64"	4974383	252983
1990	"60"	"64"	4998478	254650
1991	"60"	"64"	5029002	254554
1992	"60"	"64"	5054982	253161
1993	"60"	"64"	5077912	247125
1994	"60"	"64"	5098754	243283
1995	"60"	"64"	5116826	240951
1996	"60"	"64"	5132320	240005
1997	"60"	"64"	5147349	242832
1998	"60"	"64"	5159646	251425
1999	"60"	"64"	5171302	259218
2000	"60"	"64"	5181115	256916
2001	"60"	"64"	5194901	274073
2002	"60"	"64"	5206295	268016
2003	"60"	"64"	5219732	269893
2004	"60"	"64"	5236611	273109
2005	"60"	"64"	5255580	297977
2006	"60"	"64"	5276955	313032
2007	"60"	"64"	5300484	349870
2008	"60"	"64"	5326314	375755
2009	"60"	"64"	5351427	396886
2010	"60"	"64"	5375276	401712
2011	"60"	"64"	5401267	395223
2012	"60"	"64"	5426674	389588
1865	"65"	"69"	1843245	41000
1866	"65"	"69"	1837506	39823
1867	"65"	"69"	1824198	38475
1868	"65"	"69"	1727538	35435
1869	"65"	"69"	1739560	34636
1870	"65"	"69"	1768769	34137
1871	"65"	"69"	1803845	33929
1872	"65"	"69"	1834611	33638
1873	"65"	"69"	1859976	33246
1874	"65"	"69"	1886117	32874
1875	"65"	"69"	1912647	32509
1876	"65"	"69"	1942656	34004
1877	"65"	"69"	1971431	35473
1878	"65"	"69"	1994573	37432
1879	"65"	"69"	2032669	39797
1880	"65"	"69"	2060782	40711
1881	"65"	"69"	2082643	42465
1882	"65"	"69"	2113302	44327
1883	"65"	"69"	2146395	46796
1884	"65"	"69"	2180547	48069
1885	"65"	"69"	2207518	49350
1886	"65"	"69"	2238572	51086
1887	"65"	"69"	2278140	51179
1888	"65"	"69"	2314179	52969
1889	"65"	"69"	2347702	54518
1890	"65"	"69"	2380140	56246
1891	"65"	"69"	2408300	56600
1892	"65"	"69"	2422500	56700
1893	"65"	"69"	2436700	56800
1894	"65"	"69"	2465700	57000
1895	"65"	"69"	2499900	57500
1896	"65"	"69"	2530900	57800
1897	"65"	"69"	2567500	58100
1898	"65"	"69"	2610300	58700
1899	"65"	"69"	2635300	59000
1900	"65"	"69"	2655900	59200
1901	"65"	"69"	2678500	59800
1902	"65"	"69"	2693900	61200
1903	"65"	"69"	2717100	63400
1904	"65"	"69"	2751900	64000
1905	"65"	"69"	2773000	65500
1906	"65"	"69"	2803700	67500
1907	"65"	"69"	2838700	70400
1908	"65"	"69"	2883000	72400
1909	"65"	"69"	2914800	73100
1910	"65"	"69"	2943400	74400
1911	"65"	"69"	2980000	74900
1912	"65"	"69"	3015500	74000
1913	"65"	"69"	3035800	74700
1914	"65"	"69"	3069500	75400
1915	"65"	"69"	3096300	75200
1916	"65"	"69"	3114200	77200
1917	"65"	"69"	3134300	77800
1918	"65"	"69"	3115300	77400
1919	"65"	"69"	3118000	78600
1920	"65"	"69"	3147600	79200
1921	"65"	"69"	3193200	78700
1922	"65"	"69"	3227800	78000
1923	"65"	"69"	3258600	78500
1924	"65"	"69"	3286200	78400
1925	"65"	"69"	3322100	79900
1926	"65"	"69"	3355200	82300
1927	"65"	"69"	3380600	83800
1928	"65"	"69"	3412100	85200
1929	"65"	"69"	3435300	87200
1930	"65"	"69"	3462700	87000
1931	"65"	"69"	3489600	83300
1932	"65"	"69"	3516000	80300
1933	"65"	"69"	3536600	74600
1934	"65"	"69"	3561600	74600
1935	"65"	"69"	3589600	79300
1936	"65"	"69"	3612400	85000
1937	"65"	"69"	3640200	90200
1938	"65"	"69"	3672100	97500
1939	"65"	"69"	3699700	100400
1940	"65"	"69"	3695617	100721
1941	"65"	"69"	3707815	101057
1942	"65"	"69"	3708801	102897
1943	"65"	"69"	3732532	103653
1944	"65"	"69"	3737096	104228
1945	"65"	"69"	3778890	105168
1946	"65"	"69"	3833072	105265
1947	"65"	"69"	3885284	105883
1948	"65"	"69"	3937840	107857
1949	"65"	"69"	3987996	108701
1950	"65"	"69"	4029803	109178
1951	"65"	"69"	4064727	112765
1952	"65"	"69"	4116228	115781
1953	"65"	"69"	4162609	118235
1954	"65"	"69"	4211191	119393
1955	"65"	"69"	4258571	120754
1956	"65"	"69"	4304832	123389
1957	"65"	"69"	4343190	123714
1958	"65"	"69"	4376314	123662
1959	"65"	"69"	4413046	126508
1960	"65"	"69"	4446222	131423
1961	"65"	"69"	4475787	133975
1962	"65"	"69"	4507098	137621
1963	"65"	"69"	4539519	144896
1964	"65"	"69"	4557567	150676
1965	"65"	"69"	4569896	154593
1966	"65"	"69"	4591842	160366
1967	"65"	"69"	4619645	165781
1968	"65"	"69"	4633292	168317
1969	"65"	"69"	4614277	173398
1970	"65"	"69"	4598336	177463
1971	"65"	"69"	4625912	182572
1972	"65"	"69"	4653401	189244
1973	"65"	"69"	4678761	195521
1974	"65"	"69"	4702387	201301
1975	"65"	"69"	4720492	206729
1976	"65"	"69"	4730836	209487
1977	"65"	"69"	4746967	211576
1978	"65"	"69"	4758088	211140
1979	"65"	"69"	4771292	209455
1980	"65"	"69"	4787778	205910
1981	"65"	"69"	4812150	200716
1982	"65"	"69"	4841715	196742
1983	"65"	"69"	4869858	195262
1984	"65"	"69"	4893748	187069
1985	"65"	"69"	4910664	192869
1986	"65"	"69"	4925644	199157
1987	"65"	"69"	4938602	203126
1988	"65"	"69"	4954359	209574
1989	"65"	"69"	4974383	220838
1990	"65"	"69"	4998478	222601
1991	"65"	"69"	5029002	225198
1992	"65"	"69"	5054982	228027
1993	"65"	"69"	5077912	230284
1994	"65"	"69"	5098754	233739
1995	"65"	"69"	5116826	235870
1996	"65"	"69"	5132320	236340
1997	"65"	"69"	5147349	235617
1998	"65"	"69"	5159646	230291
1999	"65"	"69"	5171302	227163
2000	"65"	"69"	5181115	225524
2001	"65"	"69"	5194901	225223
2002	"65"	"69"	5206295	228179
2003	"65"	"69"	5219732	236582
2004	"65"	"69"	5236611	244189
2005	"65"	"69"	5255580	242434
2006	"65"	"69"	5276955	259097
2007	"65"	"69"	5300484	253225
2008	"65"	"69"	5326314	255273
2009	"65"	"69"	5351427	258319
2010	"65"	"69"	5375276	281997
2011	"65"	"69"	5401267	296656
2012	"65"	"69"	5426674	331528
1865	"70"	"74"	1843245	25725
1866	"70"	"74"	1837506	25076
1867	"70"	"74"	1824198	24322
1868	"70"	"74"	1727538	22496
1869	"70"	"74"	1739560	22087
1870	"70"	"74"	1768769	21871
1871	"70"	"74"	1803845	22380
1872	"70"	"74"	1834611	22835
1873	"70"	"74"	1859976	23222
1874	"70"	"74"	1886117	23620
1875	"70"	"74"	1912647	24023
1876	"70"	"74"	1942656	23399
1877	"70"	"74"	1971431	22763
1878	"70"	"74"	1994573	21567
1879	"70"	"74"	2032669	21205
1880	"70"	"74"	2060782	22452
1881	"70"	"74"	2082643	23379
1882	"70"	"74"	2113302	25450
1883	"70"	"74"	2146395	26923
1884	"70"	"74"	2180547	28422
1885	"70"	"74"	2207518	29038
1886	"70"	"74"	2238572	30418
1887	"70"	"74"	2278140	31883
1888	"70"	"74"	2314179	33425
1889	"70"	"74"	2347702	34412
1890	"70"	"74"	2380140	35548
1891	"70"	"74"	2408300	36400
1892	"70"	"74"	2422500	37000
1893	"70"	"74"	2436700	37800
1894	"70"	"74"	2465700	38500
1895	"70"	"74"	2499900	39500
1896	"70"	"74"	2530900	40300
1897	"70"	"74"	2567500	41100
1898	"70"	"74"	2610300	42200
1899	"70"	"74"	2635300	43200
1900	"70"	"74"	2655900	44000
1901	"70"	"74"	2678500	43300
1902	"70"	"74"	2693900	42600
1903	"70"	"74"	2717100	41500
1904	"70"	"74"	2751900	43000
1905	"70"	"74"	2773000	43700
1906	"70"	"74"	2803700	44300
1907	"70"	"74"	2838700	45300
1908	"70"	"74"	2883000	46900
1909	"70"	"74"	2914800	47600
1910	"70"	"74"	2943400	49100
1911	"70"	"74"	2980000	50500
1912	"70"	"74"	3015500	52900
1913	"70"	"74"	3035800	54200
1914	"70"	"74"	3069500	55100
1915	"70"	"74"	3096300	55800
1916	"70"	"74"	3114200	55700
1917	"70"	"74"	3134300	54100
1918	"70"	"74"	3115300	54000
1919	"70"	"74"	3118000	54200
1920	"70"	"74"	3147600	54700
1921	"70"	"74"	3193200	56900
1922	"70"	"74"	3227800	57700
1923	"70"	"74"	3258600	58600
1924	"70"	"74"	3286200	59900
1925	"70"	"74"	3322100	60400
1926	"70"	"74"	3355200	59900
1927	"70"	"74"	3380600	59400
1928	"70"	"74"	3412100	59800
1929	"70"	"74"	3435300	59900
1930	"70"	"74"	3462700	61300
1931	"70"	"74"	3489600	62700
1932	"70"	"74"	3516000	64100
1933	"70"	"74"	3536600	65000
1934	"70"	"74"	3561600	67200
1935	"70"	"74"	3589600	66700
1936	"70"	"74"	3612400	64000
1937	"70"	"74"	3640200	61600
1938	"70"	"74"	3672100	57300
1939	"70"	"74"	3699700	57800
1940	"70"	"74"	3695617	61822
1941	"70"	"74"	3707815	65830
1942	"70"	"74"	3708801	69418
1943	"70"	"74"	3732532	74512
1944	"70"	"74"	3737096	76153
1945	"70"	"74"	3778890	76210
1946	"70"	"74"	3833072	76950
1947	"70"	"74"	3885284	77970
1948	"70"	"74"	3937840	78140
1949	"70"	"74"	3987996	78020
1950	"70"	"74"	4029803	78457
1951	"70"	"74"	4064727	78614
1952	"70"	"74"	4116228	79800
1953	"70"	"74"	4162609	81892
1954	"70"	"74"	4211191	83924
1955	"70"	"74"	4258571	85611
1956	"70"	"74"	4304832	88775
1957	"70"	"74"	4343190	91257
1958	"70"	"74"	4376314	93887
1959	"70"	"74"	4413046	94832
1960	"70"	"74"	4446222	95949
1961	"70"	"74"	4475787	98144
1962	"70"	"74"	4507098	98549
1963	"70"	"74"	4539519	98543
1964	"70"	"74"	4557567	100989
1965	"70"	"74"	4569896	104832
1966	"70"	"74"	4591842	107108
1967	"70"	"74"	4619645	110133
1968	"70"	"74"	4633292	116118
1969	"70"	"74"	4614277	121140
1970	"70"	"74"	4598336	124708
1971	"70"	"74"	4625912	129587
1972	"70"	"74"	4653401	134349
1973	"70"	"74"	4678761	137329
1974	"70"	"74"	4702387	142136
1975	"70"	"74"	4720492	146285
1976	"70"	"74"	4730836	151465
1977	"70"	"74"	4746967	157916
1978	"70"	"74"	4758088	163582
1979	"70"	"74"	4771292	168901
1980	"70"	"74"	4787778	173942
1981	"70"	"74"	4812150	177266
1982	"70"	"74"	4841715	179800
1983	"70"	"74"	4869858	179773
1984	"70"	"74"	4893748	179077
1985	"70"	"74"	4910664	176323
1986	"70"	"74"	4925644	172367
1987	"70"	"74"	4938602	169502
1988	"70"	"74"	4954359	168554
1989	"70"	"74"	4974383	161743
1990	"70"	"74"	4998478	167296
1991	"70"	"74"	5029002	173336
1992	"70"	"74"	5054982	177469
1993	"70"	"74"	5077912	183669
1994	"70"	"74"	5098754	193957
1995	"70"	"74"	5116826	196407
1996	"70"	"74"	5132320	199273
1997	"70"	"74"	5147349	202451
1998	"70"	"74"	5159646	205111
1999	"70"	"74"	5171302	208620
2000	"70"	"74"	5181115	211265
2001	"70"	"74"	5194901	212474
2002	"70"	"74"	5206295	212476
2003	"70"	"74"	5219732	208415
2004	"70"	"74"	5236611	206336
2005	"70"	"74"	5255580	205764
2006	"70"	"74"	5276955	205928
2007	"70"	"74"	5300484	209415
2008	"70"	"74"	5326314	217574
2009	"70"	"74"	5351427	225043
2010	"70"	"74"	5375276	223495
2011	"70"	"74"	5401267	239251
2012	"70"	"74"	5426674	233799
1865	"75"	"79"	1843245	11166
1866	"75"	"79"	1837506	11129
1867	"75"	"79"	1824198	11046
1868	"75"	"79"	1727538	10470
1869	"75"	"79"	1739560	10540
1870	"75"	"79"	1768769	10713
1871	"75"	"79"	1803845	11127
1872	"75"	"79"	1834611	11517
1873	"75"	"79"	1859976	11873
1874	"75"	"79"	1886117	12232
1875	"75"	"79"	1912647	12594
1876	"75"	"79"	1942656	12856
1877	"75"	"79"	1971431	13108
1878	"75"	"79"	1994573	13392
1879	"75"	"79"	2032669	14007
1880	"75"	"79"	2060782	13882
1881	"75"	"79"	2082643	13569
1882	"75"	"79"	2113302	13277
1883	"75"	"79"	2146395	12657
1884	"75"	"79"	2180547	12369
1885	"75"	"79"	2207518	13373
1886	"75"	"79"	2238572	13964
1887	"75"	"79"	2278140	15295
1888	"75"	"79"	2314179	15947
1889	"75"	"79"	2347702	16884
1890	"75"	"79"	2380140	17414
1891	"75"	"79"	2408300	18200
1892	"75"	"79"	2422500	18800
1893	"75"	"79"	2436700	19500
1894	"75"	"79"	2465700	20200
1895	"75"	"79"	2499900	21000
1896	"75"	"79"	2530900	21800
1897	"75"	"79"	2567500	22600
1898	"75"	"79"	2610300	23600
1899	"75"	"79"	2635300	24400
1900	"75"	"79"	2655900	25200
1901	"75"	"79"	2678500	25700
1902	"75"	"79"	2693900	26200
1903	"75"	"79"	2717100	26600
1904	"75"	"79"	2751900	26700
1905	"75"	"79"	2773000	27000
1906	"75"	"79"	2803700	27000
1907	"75"	"79"	2838700	26400
1908	"75"	"79"	2883000	25500
1909	"75"	"79"	2914800	26700
1910	"75"	"79"	2943400	27400
1911	"75"	"79"	2980000	28000
1912	"75"	"79"	3015500	28500
1913	"75"	"79"	3035800	29500
1914	"75"	"79"	3069500	30300
1915	"75"	"79"	3096300	30900
1916	"75"	"79"	3114200	31400
1917	"75"	"79"	3134300	32700
1918	"75"	"79"	3115300	32800
1919	"75"	"79"	3118000	33000
1920	"75"	"79"	3147600	33800
1921	"75"	"79"	3193200	34100
1922	"75"	"79"	3227800	34000
1923	"75"	"79"	3258600	34700
1924	"75"	"79"	3286200	35000
1925	"75"	"79"	3322100	35700
1926	"75"	"79"	3355200	37500
1927	"75"	"79"	3380600	38400
1928	"75"	"79"	3412100	39100
1929	"75"	"79"	3435300	39900
1930	"75"	"79"	3462700	40300
1931	"75"	"79"	3489600	39500
1932	"75"	"79"	3516000	39000
1933	"75"	"79"	3536600	38900
1934	"75"	"79"	3561600	39000
1935	"75"	"79"	3589600	39900
1936	"75"	"79"	3612400	40500
1937	"75"	"79"	3640200	41300
1938	"75"	"79"	3672100	41900
1939	"75"	"79"	3699700	43200
1940	"75"	"79"	3695617	41925
1941	"75"	"79"	3707815	40674
1942	"75"	"79"	3708801	39170
1943	"75"	"79"	3732532	36860
1944	"75"	"79"	3737096	37693
1945	"75"	"79"	3778890	40704
1946	"75"	"79"	3833072	43645
1947	"75"	"79"	3885284	46061
1948	"75"	"79"	3937840	49076
1949	"75"	"79"	3987996	49596
1950	"75"	"79"	4029803	48696
1951	"75"	"79"	4064727	49323
1952	"75"	"79"	4116228	50547
1953	"75"	"79"	4162609	50925
1954	"75"	"79"	4211191	51896
1955	"75"	"79"	4258571	52763
1956	"75"	"79"	4304832	53114
1957	"75"	"79"	4343190	54103
1958	"75"	"79"	4376314	55943
1959	"75"	"79"	4413046	57869
1960	"75"	"79"	4446222	59214
1961	"75"	"79"	4475787	61620
1962	"75"	"79"	4507098	62743
1963	"75"	"79"	4539519	64753
1964	"75"	"79"	4557567	65612
1965	"75"	"79"	4569896	66132
1966	"75"	"79"	4591842	67430
1967	"75"	"79"	4619645	67980
1968	"75"	"79"	4633292	67753
1969	"75"	"79"	4614277	70163
1970	"75"	"79"	4598336	73386
1971	"75"	"79"	4625912	75406
1972	"75"	"79"	4653401	78691
1973	"75"	"79"	4678761	83682
1974	"75"	"79"	4702387	87915
1975	"75"	"79"	4720492	91519
1976	"75"	"79"	4730836	95712
1977	"75"	"79"	4746967	100184
1978	"75"	"79"	4758088	102993
1979	"75"	"79"	4771292	107204
1980	"75"	"79"	4787778	111050
1981	"75"	"79"	4812150	115794
1982	"75"	"79"	4841715	121183
1983	"75"	"79"	4869858	126097
1984	"75"	"79"	4893748	131128
1985	"75"	"79"	4910664	135202
1986	"75"	"79"	4925644	138222
1987	"75"	"79"	4938602	140626
1988	"75"	"79"	4954359	140883
1989	"75"	"79"	4974383	140896
1990	"75"	"79"	4998478	139532
1991	"75"	"79"	5029002	136969
1992	"75"	"79"	5054982	135183
1993	"75"	"79"	5077912	134943
1994	"75"	"79"	5098754	130265
1995	"75"	"79"	5116826	135771
1996	"75"	"79"	5132320	141399
1997	"75"	"79"	5147349	145669
1998	"75"	"79"	5159646	151523
1999	"75"	"79"	5171302	160330
2000	"75"	"79"	5181115	163283
2001	"75"	"79"	5194901	166355
2002	"75"	"79"	5206295	169477
2003	"75"	"79"	5219732	172779
2004	"75"	"79"	5236611	177097
2005	"75"	"79"	5255580	180520
2006	"75"	"79"	5276955	182687
2007	"75"	"79"	5300484	183591
2008	"75"	"79"	5326314	180869
2009	"75"	"79"	5351427	179671
2010	"75"	"79"	5375276	179637
2011	"75"	"79"	5401267	180510
2012	"75"	"79"	5426674	184079
1865	"80"	"84"	1843245	4743
1866	"80"	"84"	1837506	4500
1867	"80"	"84"	1824198	4236
1868	"80"	"84"	1727538	3792
1869	"80"	"84"	1739560	3590
1870	"80"	"84"	1768769	3415
1871	"80"	"84"	1803845	3697
1872	"80"	"84"	1834611	3972
1873	"80"	"84"	1859976	4234
1874	"80"	"84"	1886117	4498
1875	"80"	"84"	1912647	4762
1876	"80"	"84"	1942656	5073
1877	"80"	"84"	1971431	5380
1878	"80"	"84"	1994573	5320
1879	"80"	"84"	2032669	5446
1880	"80"	"84"	2060782	5599
1881	"80"	"84"	2082643	5637
1882	"80"	"84"	2113302	5934
1883	"80"	"84"	2146395	6155
1884	"80"	"84"	2180547	6384
1885	"80"	"84"	2207518	6293
1886	"80"	"84"	2238572	6252
1887	"80"	"84"	2278140	6137
1888	"80"	"84"	2314179	5712
1889	"80"	"84"	2347702	5575
1890	"80"	"84"	2380140	6275
1891	"80"	"84"	2408300	6600
1892	"80"	"84"	2422500	7100
1893	"80"	"84"	2436700	7300
1894	"80"	"84"	2465700	7700
1895	"80"	"84"	2499900	8100
1896	"80"	"84"	2530900	8500
1897	"80"	"84"	2567500	9000
1898	"80"	"84"	2610300	9300
1899	"80"	"84"	2635300	9800
1900	"80"	"84"	2655900	10200
1901	"80"	"84"	2678500	10700
1902	"80"	"84"	2693900	10700
1903	"80"	"84"	2717100	11600
1904	"80"	"84"	2751900	12000
1905	"80"	"84"	2773000	12300
1906	"80"	"84"	2803700	12600
1907	"80"	"84"	2838700	12700
1908	"80"	"84"	2883000	12800
1909	"80"	"84"	2914800	12900
1910	"80"	"84"	2943400	13200
1911	"80"	"84"	2980000	13000
1912	"80"	"84"	3015500	12700
1913	"80"	"84"	3035800	12300
1914	"80"	"84"	3069500	13000
1915	"80"	"84"	3096300	13300
1916	"80"	"84"	3114200	13500
1917	"80"	"84"	3134300	13400
1918	"80"	"84"	3115300	13700
1919	"80"	"84"	3118000	14000
1920	"80"	"84"	3147600	14900
1921	"80"	"84"	3193200	15400
1922	"80"	"84"	3227800	16300
1923	"80"	"84"	3258600	16900
1924	"80"	"84"	3286200	17100
1925	"80"	"84"	3322100	17800
1926	"80"	"84"	3355200	18100
1927	"80"	"84"	3380600	18100
1928	"80"	"84"	3412100	18600
1929	"80"	"84"	3435300	18800
1930	"80"	"84"	3462700	19500
1931	"80"	"84"	3489600	20000
1932	"80"	"84"	3516000	20600
1933	"80"	"84"	3536600	20600
1934	"80"	"84"	3561600	21300
1935	"80"	"84"	3589600	21100
1936	"80"	"84"	3612400	20500
1937	"80"	"84"	3640200	20100
1938	"80"	"84"	3672100	20200
1939	"80"	"84"	3699700	20100
1940	"80"	"84"	3695617	20571
1941	"80"	"84"	3707815	20774
1942	"80"	"84"	3708801	20774
1943	"80"	"84"	3732532	21334
1944	"80"	"84"	3737096	21994
1945	"80"	"84"	3778890	21872
1946	"80"	"84"	3833072	21432
1947	"80"	"84"	3885284	20735
1948	"80"	"84"	3937840	19225
1949	"80"	"84"	3987996	19504
1950	"80"	"84"	4029803	20856
1951	"80"	"84"	4064727	22286
1952	"80"	"84"	4116228	23610
1953	"80"	"84"	4162609	24865
1954	"80"	"84"	4211191	25603
1955	"80"	"84"	4258571	25688
1956	"80"	"84"	4304832	26334
1957	"80"	"84"	4343190	27017
1958	"80"	"84"	4376314	27385
1959	"80"	"84"	4413046	28048
1960	"80"	"84"	4446222	28786
1961	"80"	"84"	4475787	28864
1962	"80"	"84"	4507098	29464
1963	"80"	"84"	4539519	30528
1964	"80"	"84"	4557567	31671
1965	"80"	"84"	4569896	32073
1966	"80"	"84"	4591842	33037
1967	"80"	"84"	4619645	33745
1968	"80"	"84"	4633292	34753
1969	"80"	"84"	4614277	35607
1970	"80"	"84"	4598336	36149
1971	"80"	"84"	4625912	37491
1972	"80"	"84"	4653401	38276
1973	"80"	"84"	4678761	39492
1974	"80"	"84"	4702387	41276
1975	"80"	"84"	4720492	43936
1976	"80"	"84"	4730836	46126
1977	"80"	"84"	4746967	48725
1978	"80"	"84"	4758088	52598
1979	"80"	"84"	4771292	56105
1980	"80"	"84"	4787778	58743
1981	"80"	"84"	4812150	62101
1982	"80"	"84"	4841715	65611
1983	"80"	"84"	4869858	67842
1984	"80"	"84"	4893748	71141
1985	"80"	"84"	4910664	73642
1986	"80"	"84"	4925644	77189
1987	"80"	"84"	4938602	81139
1988	"80"	"84"	4954359	84877
1989	"80"	"84"	4974383	88552
1990	"80"	"84"	4998478	91593
1991	"80"	"84"	5029002	94277
1992	"80"	"84"	5054982	96524
1993	"80"	"84"	5077912	96931
1994	"80"	"84"	5098754	97798
1995	"80"	"84"	5116826	97351
1996	"80"	"84"	5132320	96276
1997	"80"	"84"	5147349	96037
1998	"80"	"84"	5159646	96973
1999	"80"	"84"	5171302	93999
2000	"80"	"84"	5181115	98731
2001	"80"	"84"	5194901	103659
2002	"80"	"84"	5206295	107487
2003	"80"	"84"	5219732	112760
2004	"80"	"84"	5236611	120243
2005	"80"	"84"	5255580	123858
2006	"80"	"84"	5276955	127261
2007	"80"	"84"	5300484	130708
2008	"80"	"84"	5326314	134555
2009	"80"	"84"	5351427	138717
2010	"80"	"84"	5375276	141752
2011	"80"	"84"	5401267	144120
2012	"80"	"84"	5426674	145203
1865	"5"	"9"	1843245	196804
1866	"5"	"9"	1837506	197803
1867	"5"	"9"	1824198	197998
1868	"5"	"9"	1727538	189047
1869	"5"	"9"	1739560	191968
1870	"5"	"9"	1768769	196852
1871	"5"	"9"	1803845	196127
1872	"5"	"9"	1834611	194914
1873	"5"	"9"	1859976	193130
1874	"5"	"9"	1886117	191441
1875	"5"	"9"	1912647	189802
1876	"5"	"9"	1942656	202122
1877	"5"	"9"	1971431	214291
1878	"5"	"9"	1994573	231252
1879	"5"	"9"	2032669	238050
1880	"5"	"9"	2060782	239907
1881	"5"	"9"	2082643	241193
1882	"5"	"9"	2113302	246942
1883	"5"	"9"	2146395	249532
1884	"5"	"9"	2180547	252910
1885	"5"	"9"	2207518	253975
1886	"5"	"9"	2238572	256127
1887	"5"	"9"	2278140	259973
1888	"5"	"9"	2314179	267465
1889	"5"	"9"	2347702	271986
1890	"5"	"9"	2380140	276702
1891	"5"	"9"	2408300	278700
1892	"5"	"9"	2422500	279400
1893	"5"	"9"	2436700	280300
1894	"5"	"9"	2465700	282300
1895	"5"	"9"	2499900	284800
1896	"5"	"9"	2530900	287000
1897	"5"	"9"	2567500	289800
1898	"5"	"9"	2610300	293100
1899	"5"	"9"	2635300	295300
1900	"5"	"9"	2655900	296600
1901	"5"	"9"	2678500	297200
1902	"5"	"9"	2693900	302200
1903	"5"	"9"	2717100	312600
1904	"5"	"9"	2751900	320500
1905	"5"	"9"	2773000	321100
1906	"5"	"9"	2803700	327500
1907	"5"	"9"	2838700	332300
1908	"5"	"9"	2883000	332900
1909	"5"	"9"	2914800	337200
1910	"5"	"9"	2943400	342700
1911	"5"	"9"	2980000	347800
1912	"5"	"9"	3015500	355300
1913	"5"	"9"	3035800	362000
1914	"5"	"9"	3069500	367500
1915	"5"	"9"	3096300	371500
1916	"5"	"9"	3114200	372600
1917	"5"	"9"	3134300	372300
1918	"5"	"9"	3115300	368200
1919	"5"	"9"	3118000	361900
1920	"5"	"9"	3147600	355000
1921	"5"	"9"	3193200	346200
1922	"5"	"9"	3227800	338500
1923	"5"	"9"	3258600	334100
1924	"5"	"9"	3286200	319200
1925	"5"	"9"	3322100	324900
1926	"5"	"9"	3355200	331900
1927	"5"	"9"	3380600	334900
1928	"5"	"9"	3412100	340900
1929	"5"	"9"	3435300	354500
1930	"5"	"9"	3462700	352600
1931	"5"	"9"	3489600	350100
1932	"5"	"9"	3516000	348300
1933	"5"	"9"	3536600	345600
1934	"5"	"9"	3561600	345100
1935	"5"	"9"	3589600	341400
1936	"5"	"9"	3612400	338000
1937	"5"	"9"	3640200	333700
1938	"5"	"9"	3672100	324100
1939	"5"	"9"	3699700	318500
1940	"5"	"9"	3695617	317138
1941	"5"	"9"	3707815	315988
1942	"5"	"9"	3708801	318831
1943	"5"	"9"	3732532	328804
1944	"5"	"9"	3737096	336895
1945	"5"	"9"	3778890	332396
1946	"5"	"9"	3833072	351208
1947	"5"	"9"	3885284	342490
1948	"5"	"9"	3937840	342888
1949	"5"	"9"	3987996	345827
1950	"5"	"9"	4029803	377053
1951	"5"	"9"	4064727	393394
1952	"5"	"9"	4116228	437543
1953	"5"	"9"	4162609	468809
1954	"5"	"9"	4211191	493183
1955	"5"	"9"	4258571	496112
1956	"5"	"9"	4304832	484250
1957	"5"	"9"	4343190	472826
1958	"5"	"9"	4376314	458260
1959	"5"	"9"	4413046	447423
1960	"5"	"9"	4446222	439421
1961	"5"	"9"	4475787	435900
1962	"5"	"9"	4507098	427423
1963	"5"	"9"	4539519	418452
1964	"5"	"9"	4557567	409937
1965	"5"	"9"	4569896	401860
1966	"5"	"9"	4591842	394866
1967	"5"	"9"	4619645	390958
1968	"5"	"9"	4633292	391813
1969	"5"	"9"	4614277	387365
1970	"5"	"9"	4598336	381160
1971	"5"	"9"	4625912	377381
1972	"5"	"9"	4653401	373815
1973	"5"	"9"	4678761	367418
1974	"5"	"9"	4702387	356256
1975	"5"	"9"	4720492	344339
1976	"5"	"9"	4730836	330742
1977	"5"	"9"	4746967	316985
1978	"5"	"9"	4758088	302337
1979	"5"	"9"	4771292	298770
1980	"5"	"9"	4787778	300578
1981	"5"	"9"	4812150	306505
1982	"5"	"9"	4841715	314107
1983	"5"	"9"	4869858	322441
1984	"5"	"9"	4893748	324668
1985	"5"	"9"	4910664	323446
1986	"5"	"9"	4925644	321314
1987	"5"	"9"	4938602	322414
1988	"5"	"9"	4954359	325332
1989	"5"	"9"	4974383	327075
1990	"5"	"9"	4998478	326827
1991	"5"	"9"	5029002	324511
1992	"5"	"9"	5054982	318487
1993	"5"	"9"	5077912	315622
1994	"5"	"9"	5098754	313943
1995	"5"	"9"	5116826	316643
1996	"5"	"9"	5132320	320975
1997	"5"	"9"	5147349	327353
1998	"5"	"9"	5159646	328311
1999	"5"	"9"	5171302	329375
2000	"5"	"9"	5181115	326424
2001	"5"	"9"	5194901	321777
2002	"5"	"9"	5206295	314463
2003	"5"	"9"	5219732	306715
2004	"5"	"9"	5236611	299434
2005	"5"	"9"	5255580	293416
2006	"5"	"9"	5276955	289219
2007	"5"	"9"	5300484	286249
2008	"5"	"9"	5326314	286818
2009	"5"	"9"	5351427	287786
2010	"5"	"9"	5375276	289347
2011	"5"	"9"	5401267	293116
2012	"5"	"9"	5426674	296980
