"Väestö muuttujina Vuosi, Sukupuoli ja Ikäluokka"

" ";"Sukupuolet yhteensä";" ";" ";" ";" ";" ";" ";" ";" ";" ";" ";" ";" ";" ";" ";" ";" ";" ";" ";"Miehet";" ";" ";" ";" ";" ";" ";" ";" ";" ";" ";" ";" ";" ";" ";" ";" ";" ";" ";"Naiset";" ";" ";" ";" ";" ";" ";" ";" ";" ";" ";" ";" ";" ";" ";" ";" ";" ";" "
" ";"Ikäluokat yhteensä";"0 - 4";"5 - 9";"10 - 14";"15 - 19";"20 - 24";"25 - 29";"30 - 34";"35 - 39";"40 - 44";"45 - 49";"50 - 54";"55 - 59";"60 - 64";"65 - 69";"70 - 74";"75 - 79";"80 - 84";"85 -";"Ikäluokat yhteensä";"0 - 4";"5 - 9";"10 - 14";"15 - 19";"20 - 24";"25 - 29";"30 - 34";"35 - 39";"40 - 44";"45 - 49";"50 - 54";"55 - 59";"60 - 64";"65 - 69";"70 - 74";"75 - 79";"80 - 84";"85 -";"Ikäluokat yhteensä";"0 - 4";"5 - 9";"10 - 14";"15 - 19";"20 - 24";"25 - 29";"30 - 34";"35 - 39";"40 - 44";"45 - 49";"50 - 54";"55 - 59";"60 - 64";"65 - 69";"70 - 74";"75 - 79";"80 - 84";"85 -"
"1865";1843245;264002;196804;183825;170609;161105;138266;124135;122319;111601;95945;77035;58742;54521;41000;25725;11166;4743;1702;898974;132702;98502;91907;84511;79397;67808;60381;59460;54065;46203;36626;27101;24673;18109;10892;4377;1722;538;944271;131300;98302;91918;86098;81708;70458;63754;62859;57536;49742;40409;31641;29848;22891;14833;6789;3021;1164
"1866";1837506;257161;197803;183791;171787;161516;140978;125332;120560;111314;95961;77770;59117;52270;39823;25076;11129;4500;1618;896523;129337;99080;92007;85205;79629;69183;61032;58569;53891;46157;36899;27236;23612;17555;10617;4361;1636;517;940983;127824;98723;91784;86582;81887;71795;64300;61991;57423;49804;40871;31881;28658;22268;14459;6768;2864;1101
"1867";1824198;249224;197998;183004;172266;161269;143128;126022;118295;110568;95583;78193;59252;49792;38475;24322;11046;4236;1525;890290;125403;99248;91721;85546;79529;70278;61431;57425;53489;45915;37021;27258;22446;16922;10296;4326;1541;495;933908;123821;98750;91283;86720;81740;72850;64591;60870;57079;49668;41172;31994;27346;21553;14026;6720;2695;1030
"1868";1727538;230134;189047;173805;164784;153603;138593;120883;110692;104773;90832;75008;56672;45151;35435;22496;10470;3792;1368;838859;115249;94335;86762;81501;75370;67730;58672;53402;50373;43339;35244;25886;20187;15455;9463;4072;1372;447;888679;114885;94712;87043;83283;78233;70863;62211;57290;54400;47493;39764;30786;24964;19980;13033;6398;2420;921
"1869";1739560;225753;191968;175551;167631;155581;142683;123299;110091;105561;91776;76501;57621;43394;34636;22087;10540;3590;1297;845420;113166;95915;87787;83056;76405;69809;59941;53095;50741;43757;35892;26297;19358;15074;9294;4100;1301;432;894140;112587;96053;87764;84575;79176;72874;63358;56996;54820;48019;40609;31324;24036;19562;12793;6440;2289;865
"1870";1768769;223358;196852;179056;172205;159133;148311;126998;110522;107394;93640;78786;59159;41981;34137;21871;10713;3415;1238;860425;112083;98489;89706;85482;78223;72654;61844;53288;51614;44615;36913;26978;18680;14822;9206;4168;1240;420;908344;111275;98363;89350;86723;80910;75657;65154;57234;55780;49025;41873;32181;23301;19315;12665;6545;2175;818
"1871";1803845;234438;196127;182846;173739;161837;149836;130751;113128;107417;95141;80836;61517;43830;33929;22380;11127;3697;1269;878401;117715;98232;91567;86353;79742;73478;63771;54678;51664;45364;37935;28109;19529;14730;9397;4364;1347;426;925444;116723;97895;91279;87386;82095;76358;66980;58450;55753;49777;42901;33408;24301;19199;12983;6763;2350;843
"1872";1834611;244987;194914;186198;174849;164150;150996;134199;115466;107174;96412;82694;63733;45578;33638;22835;11517;3972;1299;894291;123083;97733;93209;87015;81070;74124;65550;55940;51587;46003;38867;29176;20334;14602;9565;4551;1451;431;940320;121904;97181;92989;87834;83080;76872;68649;59526;55587;50409;43827;34557;25244;19036;13270;6966;2521;868
"1873";1859976;254808;193130;189002;175446;165982;151713;137249;117463;106619;97400;84309;65760;47193;33246;23222;11873;4234;1327;907534;128083;96945;94575;87420;82159;74551;67134;57036;51358;46507;39685;30156;21078;14430;9706;4724;1550;437;952442;126725;96185;94427;88026;83823;77162;70115;60427;55261;50893;44624;35604;26115;18816;13516;7149;2684;890
"1874";1886117;264713;191441;191886;176123;167885;152496;140352;119508;106113;98430;85958;67813;48823;32874;23620;12232;4498;1352;921010;133106;96191;95967;87851;83270;74999;68733;58145;51145;47023;40511;31143;21826;14264;9848;4898;1650;440;965107;131607;95250;95919;88272;84615;77497;71619;61363;54968;51407;45447;36670;26997;18610;13772;7334;2848;912
"1875";1912647;274658;189802;194807;176840;169822;153316;143482;121578;105634;99482;87623;69875;50461;32509;24023;12594;4762;1379;934728;138155;95466;97383;88307;84402;75469;70349;59270;50948;47553;41348;32135;22579;14102;9994;5073;1750;445;977919;136503;94336;97424;88533;85420;77847;73133;62308;54686;51929;46275;37740;27882;18407;14029;7521;3012;934
"1876";1942656;277484;202122;190440;181796;169920;156319;143866;126090;105940;98207;89149;71646;52856;34004;23399;12856;5073;1489;949208;139495;101603;95264;90927;84684;76761;70419;61487;51237;46935;41952;32944;23674;14652;9734;5108;1856;476;993448;137989;100519;95176;90869;85236;79558;73447;64603;54703;51272;47197;38702;29182;19352;13665;7748;3217;1013
"1877";1971431;280137;214291;185969;186631;169917;159220;144164;130515;106183;96878;90619;73369;55212;35473;22763;13108;5380;1602;963133;140753;107675;93092;93492;84917;78008;70449;63666;51497;46292;42532;33734;24754;15193;9470;5139;1960;510;1008298;139384;106616;92877;93139;85000;81212;73715;66849;54686;50586;48087;39635;30458;20280;13293;7969;3420;1092
"1878";1994573;280077;231252;175064;188061;171538;160447;145465;134073;110744;93510;91346;75548;58007;37432;21567;13392;5320;1730;975320;141161;116236;87755;93998;85870;78873;71151;65239;53779;44722;42987;34707;25960;16130;8950;5312;1943;547;1019253;138916;115016;87309;94063;85668;81574;74314;68834;56965;48788;48359;40841;32047;21302;12617;8080;3377;1183
"1879";2032669;287178;238050;174613;193763;172121;163053;147660;135795;112289;95878;92604;77507;59820;39797;21205;14007;5446;1883;994419;144867;119591;87607;96628;86377;80366;72165;65986;54619;45889;43613;35775;26788;17237;8736;5575;1993;607;1038250;142311;118459;87006;97135;85744;82687;75495;69809;57670;49989;48991;41732;33032;22560;12469;8432;3453;1276
"1880";2060782;289022;239907;184263;192593;174515;164710;147371;138309;115478;96630;92845;79153;61323;40711;22452;13882;5599;2019;1008243;145739;120300;92487;96186;87216;81605;71995;67404;56064;46250;43726;36627;27488;17634;9313;5498;2092;619;1052539;143283;119607;91776;96407;87299;83105;75376;70905;59414;50380;49119;42526;33835;23077;13139;8384;3507;1400
"1881";2082643;287293;241193;196169;186855;177973;163704;151497;139156;119115;97688;91463;79891;63516;42465;23379;13569;5637;2080;1019517;145128;121023;98215;93435;88894;81486;73832;67863;57839;46920;43067;36922;28521;18603;9618;5378;2115;658;1063126;142165;120170;97954;93420;89079;82218;77665;71293;61276;50768;48396;42969;34995;23862;13761;8191;3522;1422
"1882";2113302;288581;246942;207863;181877;180970;163861;153466;138263;124201;100258;90137;82266;63494;44327;25450;13277;5934;2135;1035165;145789;123962;104292;91027;90298;81508;75041;67447;60302;48217;42462;37975;28657;19486;10596;5226;2225;655;1078137;142792;122980;103571;90850;90672;82353;78425;70816;63899;52041;47675;44291;34837;24841;14854;8051;3709;1480
"1883";2146395;295386;249532;224915;171618;182447;165318;154600;139656;127663;104736;87081;83106;65674;46796;26923;12657;6155;2132;1051790;148729;125330;112972;85983;90928;82331;75907;68189;61833;50485;41145;38476;29690;20529;11318;4970;2315;660;1094605;146657;124202;111943;85635;91519;82987;78693;71467;65830;54251;45936;44630;35984;26267;15605;7687;3840;1472
"1884";2180547;300224;252910;231017;171260;188101;165305;156924;141689;129131;106017;89085;84102;67433;48069;28422;12369;6384;2105;1069125;151203;126918;116012;85963;93674;82517;77293;69142;62464;51170;42156;38976;30575;21096;12071;4850;2381;664;1111422;149021;125992;115005;85297;94427;82788;79631;72547;66667;54847;46929;45126;36858;26973;16351;7519;4003;1441
"1885";2207518;302230;253975;232424;180710;187255;167400;158226;141267;131495;108936;90019;84256;69021;49350;29038;13373;6293;2250;1083562;152403;128031;116586;90796;93422;83350;78287;68913;63840;52437;42668;39067;31340;21722;12287;5349;2348;716;1123956;149827;125944;115838;89914;93833;84050;79939;72354;67655;56499;47351;45189;37681;27628;16751;8024;3945;1534
"1886";2238572;307594;256127;233988;192719;181920;171114;157191;145129;132322;112416;91151;82943;69880;51086;30418;13964;6252;2358;1098837;154799;128842;117436;96730;90832;85208;78055;70701;64329;54165;43349;38500;31692;22556;12990;5546;2356;751;1139735;152795;127285;116552;95989;91088;85906;79136;74428;67993;58251;47802;44443;38188;28530;17428;8418;3896;1607
"1887";2278140;316632;259973;239653;204316;177237;174017;156920;146919;131415;117115;93447;81599;71835;51179;31883;15295;6137;2568;1119149;159214;130698;120389;102783;88586;86730;77824;71906;63941;56395;44514;37963;32604;22714;13638;6164;2274;812;1158991;157418;129275;119264;101533;88651;87287;79096;75013;67474;60720;48933;43636;39231;28465;18245;9131;3863;1756
"1888";2314179;322010;267465;242749;220747;167371;175891;158039;147704;132751;120287;97493;78741;72380;52969;33425;15947;5712;2498;1137722;162037;134153;122075;111123;83765;87622;78427;72633;64653;57779;46601;36695;32968;23499;14263;6487;2124;818;1176457;159973;133312;120674;109624;83606;88269;79612;75071;68098;62508;50892;42046;39412;29470;19162;9460;3588;1680
"1889";2347702;323676;271986;246362;226908;166935;181612;157791;149792;134546;121684;98518;80782;73115;54518;34412;16884;5575;2606;1155088;163099;136629;123690;114188;83716;90408;78517;73799;65514;58440;47121;37791;33253;24296;14749;6946;2066;866;1192614;160577;135357;122672;112720;83219;91204;79274;75993;69032;63244;51397;42991;39862;30222;19663;9938;3509;1740
"1890";2380100;324600;276700;250200;228200;176100;181000;159900;150800;134300;123800;101200;81900;73400;56200;35500;17500;6300;2500;1171541;163478;139054;125727;114769;88356;90198;79468;74529;65372;59760;48186;38369;33451;25083;15307;7160;2394;880;1208599;161065;137648;124490;113399;87662;90823;80405;76340;68860;64072;53054;43520;39928;31163;20241;10254;3881;1794
"1891";2408300;327400;278700;253500;230400;180500;183500;160000;152300;135400;125000;103000;84100;74200;56600;36400;18200;6600;2500;1185400;164900;140100;127400;115800;90500;91300;79500;75200;66000;60400;49100;39400;33900;25300;15700;7500;2600;800;1222900;162500;138600;126100;114600;90000;92200;80500;77100;69400;64600;53900;44700;40300;31300;20700;10700;4000;1700
"1892";2422500;328500;279400;255400;231100;183600;184500;159200;152700;135700;125700;104000;85900;74600;56700;37000;18800;7100;2600;1191800;165500;140400;128400;116000;91800;91600;79000;75300;66200;60800;49600;40400;34200;25300;15900;7800;2800;800;1230700;163000;139000;127000;115100;91800;92900;80200;77400;69500;64900;54400;45500;40400;31400;21100;11000;4300;1800
"1893";2436700;329900;280300;257400;231700;186300;185300;158300;153300;136100;126000;105300;87800;74900;56800;37800;19500;7300;2700;1197700;166200;140900;129400;116000;92900;91800;78400;75600;66400;61000;50100;41200;34400;25400;16400;8000;2800;800;1239000;163700;139400;128000;115700;93400;93500;79900;77700;69700;65000;55200;46600;40500;31400;21400;11500;4500;1900
"1894";2465700;332300;282300;260700;234700;191800;188200;158300;154700;137100;127200;106900;89900;75500;57000;38500;20200;7700;2700;1213300;167600;141900;131100;117700;95800;93400;78500;76400;67000;61700;51000;42300;34700;25500;16700;8300;2900;800;1252400;164700;140400;129600;117000;96000;94800;79800;78300;70100;65500;55900;47600;40800;31500;21800;11900;4800;1900
"1895";2499900;335600;284800;264300;238000;197200;191100;158800;156300;138500;128700;108700;92400;76500;57500;39500;21000;8100;2900;1230900;169200;143200;133000;119500;98600;94900;78800;77200;67700;62500;51900;43500;35200;25800;17100;8700;3100;1000;1269000;166400;141600;131300;118500;98600;96200;80000;79100;70800;66200;56800;48900;41300;31700;22400;12300;5000;1900
"1896";2530900;338700;287000;268000;240800;202400;193600;158800;157900;139800;130000;110500;94900;77200;57800;40300;21800;8500;2900;1246700;170800;144400;134900;120900;101200;96100;78800;77900;68500;63200;52800;44700;35600;26000;17500;9100;3300;1000;1284200;167900;142600;133100;119900;101200;97500;80000;80000;71300;66800;57700;50200;41600;31800;22800;12700;5200;1900
"1897";2567500;342100;289800;272100;244700;208600;197000;159100;159700;141100;131600;112600;97400;78000;58100;41100;22600;9000;2900;1266200;172700;145800;137000;123100;104500;98000;79000;78900;69300;64100;53900;45900;36000;26200;17800;9500;3500;1000;1301300;169400;144000;135100;121600;104100;99000;80100;80800;71800;67500;58700;51500;42000;31900;23300;13100;5500;1900
"1898";2610300;346400;293100;276800;249100;215400;200800;159700;161900;142900;133200;114900;100200;79100;58700;42200;23600;9300;3000;1288500;175000;147600;139500;125400;108100;100100;79400;80100;70300;65000;55000;47200;36600;26500;18400;9800;3500;1000;1321800;171400;145500;137300;123700;107300;100700;80300;81800;72600;68200;59900;53000;42500;32200;23800;13800;5800;2000
"1899";2635300;349300;295300;280200;250900;218900;201900;159000;163000;143700;134400;116600;102700;79900;59000;43200;24400;9800;3100;1300300;176500;148700;141300;126200;109600;100400;78900;80600;70700;65700;55800;48500;37100;26600;18800;10200;3700;1000;1335000;172800;146600;138900;124700;109300;101500;80100;82400;73000;68700;60800;54200;42800;32400;24400;14200;6100;2100
"1900";2655900;351400;296600;282900;252600;222900;203100;157800;163700;144300;135200;118200;105000;80500;59200;44000;25200;10200;3100;1310600;177600;149400;142700;127100;111500;100900;78200;80900;71000;66100;56700;49600;37400;26800;19200;10600;3900;1000;1345300;173800;147200;140200;125500;111400;102200;79600;82800;73300;69100;61500;55400;43100;32400;24800;14600;6300;2100
"1901";2678500;354100;297200;284600;258600;222800;202300;167300;158000;147400;134000;121100;105400;82900;59800;43300;25700;10700;3300;1321000;178900;149800;143500;130000;111500;100200;82700;78000;72600;65600;57900;49800;38500;27000;19000;10800;4100;1100;1357500;175200;147400;141100;128600;111300;102100;84600;80000;74800;68400;63200;55600;44400;32800;24300;14900;6600;2200
"1902";2693900;358300;302200;280700;261800;222000;203300;174900;152100;149100;132800;121900;104300;86200;61200;42600;26200;10700;3600;1325100;181000;152500;141400;131000;110300;99900;86200;74700;73300;64700;58300;49300;39900;27600;18700;10900;4200;1200;1368800;177300;149700;139300;130800;111700;103400;88700;77400;75800;68100;63600;55000;46300;33600;23900;15300;6500;2400
"1903";2717100;356900;312600;277800;263300;226700;204000;188300;141700;150100;133000;122200;105100;88600;63400;41500;26600;11600;3700;1336000;180500;157400;140400;131900;112200;100100;92800;69500;73600;64800;58700;49600;40800;28600;18200;11100;4600;1200;1381100;176400;155200;137400;131400;114500;103900;95500;72200;76500;68200;63500;55500;47800;34800;23300;15500;7000;2500
"1904";2751900;362200;320500;280100;263800;230300;206000;192600;140600;154700;132400;123500;106200;89400;64000;43000;26700;12000;3900;1354500;183400;161500;141500;132500;114300;101300;94900;69100;75900;64600;59400;50100;41000;29000;18800;11100;4800;1300;1397400;178800;159000;138600;131300;116000;104700;97700;71500;78800;67800;64100;56100;48400;35000;24200;15600;7200;2600
"1905";2773000;365900;321100;286000;264600;232000;206700;191500;147100;152800;133300;123500;105300;90600;65500;43700;27000;12300;4100;1362600;184900;161900;144300;132800;114900;101200;93900;72200;74900;64900;59300;49500;41600;29600;19100;11300;4900;1400;1410400;181000;159200;141700;131800;117100;105500;97600;74900;77900;68400;64200;55800;49000;35900;24600;15700;7400;2700
"1906";2803700;370000;327500;287400;267000;238700;207100;190800;155800;147200;135800;121900;107900;90700;67500;44300;27000;12600;4500;1376300;187200;165200;145000;133900;118000;101300;93300;76300;72000;66000;58500;50500;41600;30400;19300;11300;5000;1500;1427400;182800;162300;142400;133100;120700;105800;97500;79500;75200;69800;63400;57400;49100;37100;25000;15700;7600;3000
"1907";2838700;376700;332300;292700;264900;245100;209700;194400;164400;142300;137700;120900;108600;89700;70400;45300;26400;12700;4500;1393300;190500;167500;147900;133000;121200;102600;95000;80700;69500;66900;57700;50900;41100;31500;19700;11000;5100;1500;1445400;186200;164800;144800;131900;123900;107100;99400;83700;72800;70800;63200;57700;48600;38900;25600;15400;7600;3000
"1908";2883000;382600;332900;303700;264700;249800;217400;197400;178700;133500;139000;121300;109000;90700;72400;46900;25500;12800;4700;1417500;193400;168100;153100;133600;124100;106500;96900;88100;65300;67500;58000;51300;41400;32300;20500;10700;5100;1600;1465500;189200;164800;150600;131100;125700;110900;100500;90600;68200;71500;63300;57700;49300;40100;26400;14800;7700;3100
"1909";2914800;389600;337200;311100;267800;249700;219100;197700;181600;131900;142400;120000;110000;91400;73100;47600;26700;12900;5000;1431700;197100;170400;156800;135200;124000;107100;96700;89300;64400;68900;57300;51700;41600;32300;20800;11200;5100;1800;1483100;192500;166800;154300;132600;125700;112000;101000;92300;67500;73500;62700;58300;49800;40800;26800;15500;7800;3200
"1910";2943400;395000;342700;311700;275400;251200;220200;198200;180200;138200;139900;120700;109800;90700;74400;49100;27400;13200;5400;1444500;200000;173000;157200;139200;124700;107400;96700;88300;67500;67600;57400;51500;41100;32900;21300;11500;5200;2000;1498900;195000;169700;154500;136200;126500;112800;101500;91900;70700;72300;63300;58300;49600;41500;27800;15900;8000;3400
"1911";2980000;395100;347800;319600;276400;252900;228200;198700;181000;147100;135500;123800;108900;93300;74900;50500;28000;13000;5300;1463900;200600;175400;161500;139700;125800;111600;97200;88600;71900;65400;59000;51100;42200;33200;21900;11700;5200;1900;1516100;194500;172400;158100;136700;127100;116600;101500;92400;75200;70100;64800;57800;51100;41700;28600;16300;7800;3400
"1912";3015500;395300;355300;325700;281300;249800;233000;201200;184300;156000;131100;126600;108200;94400;74000;52900;28500;12700;5200;1482200;201100;179000;164700;142400;124400;114200;98400;90300;76300;63200;60400;50500;42900;32700;22900;11900;5100;1800;1533300;194200;176300;161000;138900;125400;118800;102800;94000;79700;67900;66200;57700;51500;41300;30000;16600;7600;3400
"1913";3035800;391600;362000;327300;290700;246300;233800;204300;184700;167500;121400;127400;108200;94700;74700;54200;29500;12300;5200;1490300;199400;182500;165700;146800;123000;114300;99400;90000;81900;58100;60700;50200;43100;32900;23400;12300;4800;1800;1545500;192200;179500;161600;143900;123300;119500;104900;94700;85600;63300;66700;58000;51600;41800;30800;17200;7500;3400
"1914";3069500;387700;367500;332000;298300;249000;233800;207100;186500;171700;120800;131900;107900;96300;75400;55100;30300;13000;5200;1507200;197600;185400;168100;150600;124400;114600;100900;90600;83700;58000;63000;50000;44100;33100;23600;12600;5100;1800;1562300;190100;182100;163900;147700;124600;119200;106200;95900;88000;62800;68900;57900;52200;42300;31500;17700;7900;3400
"1915";3096300;382000;371500;336300;301900;255300;234300;209400;188700;171400;127700;131300;109400;96700;75200;55800;30900;13300;5200;1520600;194600;187800;170000;152500;127900;115000;102300;91600;83400;61500;62700;50600;44200;32900;24000;12700;5100;1800;1575700;187400;183700;166300;149400;127400;119300;107100;97100;88000;66200;68600;58800;52500;42300;31800;18200;8200;3400
"1916";3114200;371600;372600;341200;308600;256300;235400;215400;188200;171300;136100;127000;111900;95600;77200;55700;31400;13500;5200;1530300;188900;189000;172400;156200;128600;115800;105300;91400;83300;65800;60500;51900;43700;33700;23900;12900;5200;1800;1583900;182700;183600;168800;152400;127700;119600;110100;96800;88000;70300;66500;60000;51900;43500;31800;18500;8300;3400
"1917";3134300;361200;372300;348300;314000;261800;232800;219500;190400;174400;145100;122900;114000;94700;77800;54100;32700;13400;4900;1540700;183700;189100;175800;159100;131700;114800;107300;92300;84900;70300;58400;52800;43100;34100;23000;13400;5200;1700;1593600;177500;183200;172500;154900;130100;118000;112200;98100;89500;74800;64500;61200;51600;43700;31100;19300;8200;3200
"1918";3115300;351800;368200;354400;311400;264000;224800;216500;191400;173000;155200;113500;114100;94400;77400;54000;32800;13700;4700;1517000;178700;187200;178900;156500;129200;108900;103900;91100;83000;74600;53300;52400;42500;33800;22800;13300;5300;1600;1598300;173100;181000;175500;154900;134800;115900;112600;100300;90000;80600;60200;61700;51900;43600;31200;19500;8400;3100
"1919";3118000;328300;361900;359600;316600;271700;226800;215200;193600;174400;159700;113400;117900;94200;78600;54200;33000;14000;4900;1517900;166800;184100;181700;159600;133100;109800;103200;92100;83400;76600;53500;54100;42300;34400;22800;13300;5400;1700;1600100;161500;177800;177900;157000;138600;117000;112000;101500;91000;83100;59900;63800;51900;44200;31400;19700;8600;3200
"1920";3147600;333200;355000;362800;321300;276300;232200;213900;195200;176200;159800;120200;117400;95800;79200;54700;33800;14900;5700;1533100;169600;180500;183700;162100;135800;112700;102300;93000;84100;76600;56800;53900;43000;34600;23000;13600;5800;2000;1614500;163600;174500;179100;159200;140500;119500;111600;102200;92100;83200;63400;63500;52800;44600;31700;20200;9100;3700
"1921";3193200;339800;346200;365900;328600;286300;235100;217800;203200;178000;160600;128400;113900;98600;78700;56900;34100;15400;5700;1556900;173100;175700;185700;165900;141400;114100;104400;97200;85200;76900;60700;52300;44200;34500;23800;13800;6000;2000;1636300;166700;170500;180200;162700;144900;121000;113400;106000;92800;83700;67700;61600;54400;44200;33100;20300;9400;3700
"1922";3227800;342300;338500;366700;337500;294400;240600;216400;208300;180800;163900;136000;110200;100500;78000;57700;34000;16300;5700;1574500;174300;171900;186300;170500;146000;116700;104000;99700;86500;78400;64500;50500;45000;34100;24200;13700;6300;1900;1653300;168000;166600;180400;167000;148400;123900;112400;108600;94300;85500;71500;59700;55500;43900;33500;20300;10000;3800
"1923";3258600;347100;334100;363900;345700;297400;250400;214500;210100;185400;164600;146400;102600;101700;78500;58600;34700;16900;6000;1588200;177000;169500;185100;174700;148200;121100;102900;100500;88300;78300;69300;46700;45400;34100;24600;14000;6500;2000;1670400;170100;164600;178800;171000;149200;129300;111600;109600;97100;86300;77100;55900;56300;44400;34000;20700;10400;4000
"1924";3286200;357800;319200;359000;352400;304300;258700;217100;210500;187800;165900;150200;102300;104600;78400;59900;35000;17100;6000;1601500;182400;162000;182500;178300;152100;125200;104200;100700;89300;78600;70800;46800;46700;33900;25300;14000;6600;2100;1684700;175400;157200;176500;174100;152200;133500;112900;109800;98500;87300;79400;55500;57900;44500;34600;21000;10500;3900
"1925";3322100;355300;324900;351500;358400;310500;263900;223800;211600;190400;168200;150600;108500;104100;79900;60400;35700;17800;6600;1619500;181200;164900;178800;181500;155400;128500;107500;101100;90700;79400;71100;49700;46400;34500;25500;14100;7000;2200;1702600;174100;160000;172700;176900;155100;135400;116300;110500;99700;88800;79500;58800;57700;45400;34900;21600;10800;4400
"1926";3355200;353000;331900;342500;361400;317100;272900;225600;213800;195900;169000;150600;116000;100800;82300;59900;37500;18100;6900;1635000;180000;168600;173900;183400;158800;133500;108200;102000;93100;79800;70800;53100;44900;35500;25200;14700;7100;2400;1720200;173000;163300;168600;178000;158300;139400;117400;111800;102800;89200;79800;62900;55900;46800;34700;22800;11000;4500
"1927";3380600;350200;334900;334400;361700;325400;280300;230600;211400;199400;171100;153400;123200;97600;83800;59400;38400;18100;7300;1647000;178600;170000;169900;183700;163100;137800;110500;101000;94400;80600;72000;56500;43300;36100;24800;15100;7000;2600;1733600;171600;164900;164500;178000;162300;142500;120100;110400;105000;90500;81400;66700;54300;47700;34600;23300;11100;4700
"1928";3412100;348500;340900;329800;359000;334000;283500;240900;209700;200600;175700;154300;133300;91300;85200;59800;39100;18600;7900;1663000;177700;173200;167500;182600;167700;140200;115500;100300;95000;82500;72200;61200;40500;36600;24800;15400;7300;2800;1749100;170800;167700;162300;176400;166300;143300;125400;109400;105600;93200;82100;72100;50800;48600;35000;23700;11300;5100
"1929";3435300;346600;354500;315100;353700;340400;289800;248800;211200;199600;177400;155500;136900;91600;87200;59900;39900;18800;8400;1674700;176400;180100;160100;179900;171400;144000;119500;101100;94300;83200;72600;62700;40900;37600;24600;15800;7300;3200;1760600;170200;174400;155000;173800;169000;145800;129300;110100;105300;94200;82900;74200;50700;49600;35300;24100;11500;5200
"1930";3462700;345800;352600;319900;345500;345400;295400;253400;216500;199200;179300;157800;137400;97300;87000;61300;40300;19500;9100;1688800;175800;179200;162600;175900;174200;147200;122600;103600;93800;84200;73500;62900;43600;37500;25200;16000;7500;3500;1773900;170000;173400;157300;169600;171200;148200;130800;112900;105400;95100;84300;74500;53700;49500;36100;24300;12000;5600
"1931";3489600;342000;350100;328600;336500;350100;303200;262300;217800;201400;185000;158100;137000;103100;83300;62700;39500;20000;8900;1702500;174200;178000;166900;171100;177000;151300;127600;104300;95000;86800;73800;62400;45900;35900;25800;15500;7700;3300;1787100;167800;172100;161700;165400;173100;151900;134700;113500;106400;98200;84300;74600;57200;47400;36900;24000;12300;5600
"1932";3516000;337200;348300;333300;328500;351200;312200;269900;223100;200100;190100;160200;139700;109300;80300;64100;39000;20600;8900;1715300;171600;177200;169200;166800;178100;156000;131900;107000;94500;89000;74900;63500;48600;34500;26300;15100;7900;3200;1800700;165600;171100;164100;161700;173100;156200;138000;116100;105600;101100;85300;76200;60700;45800;37800;23900;12700;5700
"1933";3536600;326200;345600;340900;323800;349500;320900;273800;232900;198800;192800;165100;140500;117500;74600;65000;38900;20600;9200;1725200;166000;175800;173200;164300;177400;160500;134800;111500;94300;90300;76800;63600;52200;31900;26500;14900;7900;3300;1811400;160200;169800;167700;159500;172100;160400;139000;121400;104500;102500;88300;76900;65300;42700;38500;24000;12700;5900
"1934";3561600;319100;345100;355500;309800;345400;328400;280800;240900;201900;193300;167500;141600;120700;74600;67200;39000;21300;9500;1737300;162300;175300;180600;157200;175300;164600;138900;115500;95700;90900;77800;64200;53100;32100;27500;14700;8200;3400;1824300;156800;169800;174900;152600;170100;163800;141900;125400;106200;102400;89700;77400;67600;42500;39700;24300;13100;6100
"1935";3589600;317500;341400;352400;317200;339000;335600;286600;246200;208600;194300;169200;143900;120800;79300;66700;39900;21100;9900;1751500;161900;173300;179000;161200;171800;168700;142100;118600;98900;91400;78700;65200;52700;34100;27200;15100;8100;3500;1838100;155600;168100;173400;156000;167200;166900;144500;127600;109700;102900;90500;78700;68100;45200;39500;24800;13000;6400
"1936";3612400;316400;338000;349500;325400;330200;338800;293500;254600;210500;196400;173900;144300;120700;85000;64000;40500;20500;10200;1763100;161100;171800;177600;165200;167200;170900;145900;123400;99900;92500;80400;65500;52400;36400;26000;15400;7900;3600;1849300;155300;166200;171900;160200;163000;167900;147600;131200;110600;103900;93500;78800;68300;48600;38000;25100;12600;6600
"1937";3640200;320700;333700;347700;329800;323600;340600;302500;261700;215700;194300;177200;145500;123200;90200;61600;41300;20100;10800;1777200;163400;169400;176900;167300;163700;172400;150600;127400;102500;91700;81600;66000;53500;38700;24900;15700;7600;3900;1863000;157300;164300;170800;162500;159900;168200;151900;134300;113200;102600;95600;79500;69700;51500;36700;25600;12500;6900
"1938";3672100;332900;324100;344900;336600;319400;339100;311200;265500;225500;192300;178700;149700;124100;97500;57300;41900;20200;11200;1793600;169800;164600;175500;170800;161400;172000;155000;130200;107100;91100;82200;67600;53800;41800;23100;15900;7500;4200;1878500;163100;159500;169400;165800;158000;167100;156200;135300;118400;101200;96500;82100;70300;55700;34200;26000;12700;7000
"1939";3699700;343200;318500;344400;350300;304700;333100;317400;271900;233700;194500;178000;151600;125400;100400;57800;43200;20100;11500;1804800;175000;161600;175000;177800;153400;167900;158000;133800;111300;91900;81900;68300;54600;42700;23500;16400;7400;4300;1894900;168200;156900;169400;172500;151300;165200;159400;138100;122400;102600;96100;83300;70800;57700;34300;26800;12700;7200
"1940";3695617;337957;317138;340504;346180;307312;320475;320069;274360;237688;200158;177939;152556;127370;100721;61822;41925;20571;10872;1792600;171849;161308;172893;175517;152917;158234;157675;133840;113059;94466;81609;68566;55613;42445;25137;15860;7537;4075;1903017;166108;155830;167611;170663;154395;162241;162394;140520;124629;105692;96330;83990;71757;58276;36685;26065;13034;6797
"1941";3707815;356916;315988;338210;341930;307231;305213;317234;277142;242380;202145;180258;156411;127500;101057;65830;40674;20774;10922;1785082;181935;160395;171774;173390;149361;146947;153991;133527;115002;95058;82730;69683;55448;42226;26567;15320;7564;4164;1922733;174981;155593;166436;168540;157870;158266;163243;143615;127378;107087;97528;86728;72052;58831;39263;25354;13210;6758
"1942";3708801;347046;318831;334544;339421;309056;295891;316274;284486;247431;205880;179624;158804;128341;102897;69418;39170;20774;10913;1780031;176870;161915;169678;172150;149604;141100;153075;136799;117439;96360;82596;70240;55368;42822;27745;14515;7549;4206;1928770;170176;156916;164866;167271;159452;154791;163199;147687;129992;109520;97028;88564;72973;60075;41673;24655;13225;6707
"1943";3732532;348305;328804;325646;337125;315689;290854;313097;291734;249763;213493;178957;160671;130977;103653;74512;36860;21334;11058;1788852;177644;167023;165063;170881;153513;137831;150986;139946;119103;99284;82641;70716;56096;42857;29618;13645;7617;4388;1943680;170661;161781;160583;166244;162176;153023;162111;151788;130660;114209;96316;89955;74881;60796;44894;23215;13717;6670
"1944";3737096;349515;336895;319716;335314;320933;274138;305770;295600;254636;219609;181012;160567;132353;104228;76153;37693;21994;10970;1780916;178766;171087;161853;169124;152690;128015;145491;141077;121397;101993;83398;70565;56372;42664;29974;14275;7716;4459;1956180;170749;165808;157863;166190;168243;146123;160279;154523;133239;117616;97614;90002;75981;61564;46179;23418;14278;6511
"1945";3778890;377739;332396;315167;336143;320699;279457;298643;301125;258828;222664;185753;161698;133434;105168;76210;40704;21872;11190;1800729;193464;168665;159702;170088;154247;130252;141278;143639;123114;103234;85458;71114;56564;42696;29680;15374;7601;4559;1978161;184275;163731;155465;166055;166452;149205;157365;157486;135714;119430;100295;90584;76870;62472;46530;25330;14271;6631
"1946";3833072;395211;351208;313339;334518;321608;285954;289210;302959;264341;228545;186909;163931;136630;105265;76950;43645;21432;11417;1826822;202271;178499;158576;169481;156979;133237;135767;144620;125463;106220;85605;72244;57301;42648;29627;16239;7433;4612;2006250;192940;172709;154763;165037;164629;152717;153443;158339;138878;122325;101304;91687;79329;62617;47323;27406;13999;6805
"1947";3885284;439631;342490;315385;331401;323347;289238;281068;302840;271574;234072;190135;163113;139083;105883;77970;46061;20735;11258;1852447;225009;174177;159874;167648;159958;134978;131182;144365;128681;108920;86658;72100;58016;42507;29903;16932;7019;4520;2032837;214622;168313;155511;163753;163389;154260;149886;158475;142893;125152;103477;91013;81067;63376;48067;29129;13716;6738
"1948";3937840;472050;342888;324382;322557;324229;295272;276026;299984;278372;236601;197692;161616;140679;107857;78140;49076;19225;11194;1878711;241233;174538;164692;163149;162135;138669;128217;142576;131592;110789;89439;71829;58432;42991;29728;17885;6536;4281;2059129;230817;168350;159690;159408;162094;156603;147809;157408;146780;125812;108253;89787;82247;64866;48412;31191;12689;6913
"1949";3987996;498426;345827;332715;316899;327012;309021;262991;295326;283986;241938;204276;162781;140335;108701;78020;49596;19504;10642;1904733;254730;176572;169034;160213;164580;146153;122082;139724;134332;113528;92320;72109;58545;43130;29424;17793;6752;3712;2083263;243696;169255;163681;156686;162432;162868;140909;155602;149654;128410;111956;90672;81790;65571;48596;31803;12752;6930
"1950";4029803;502668;377053;329078;311614;327239;308393;267809;287803;289641;246377;208010;166748;140720;109178;78457;48696;20856;9463;1926161;256687;192827;167012;157986;165531;147661;124071;135376;137096;115504;94013;73799;58880;43237;29484;17193;7043;2761;2103642;245981;184226;162066;153628;161708;160732;143738;152427;152545;130873;113997;92949;81840;65941;48973;31503;13813;6702
"1951";4064727;488536;393394;348194;308283;323441;308074;273499;277968;291547;252382;214719;169438;143176;112765;78614;49323;22286;9088;1943081;249447;201102;176963;156265;163532;149564;126511;129525;138014;118057;97587;74822;60139;44494;29453;17404;7549;2653;2121646;239089;192292;171231;152018;159909;158510;146988;148443;153533;134325;117132;94616;83037;68271;49161;31919;14737;6435
"1952";4116228;476566;437543;340181;310275;321080;310898;278045;270862;292561;260536;221502;174312;143179;115781;79800;50547;23610;8950;1969494;243383;223677;172981;157419;162313;152904;128922;125510;138233;121904;101045;76901;60401;45685;29813;17877;7895;2631;2146734;233183;213866;167200;152856;158767;157994;149123;145352;154328;138632;120457;97411;82778;70096;49987;32670;15715;6319
"1953";4162609;461397;468809;341116;319590;312581;312716;285214;267099;290864;268100;224844;183078;142870;118235;81892;50925;24865;8414;1993713;235730;239354;173528;162434;158192;155464;133122;123270;137065;125197;103369;80558;60540;46726;30414;18003;8216;2531;2168896;225667;229455;167588;157156;154389;157252;152092;143829;153799;142903;121475;102520;82330;71509;51478;32922;16649;5883
"1954";4211191;449554;493183;343974;328191;306848;315537;299715;255304;287008;274635;231084;190468;145810;119393;83924;51896;25603;9064;2018695;229195;251852;175379;166864;155506;157870;140957;117706;134672;128486;106593;83806;61894;47283;31183;18230;8469;2750;2192496;220359;241331;168595;161327;151342;157667;158758;137598;152336;146149;124491;106662;83916;72110;52741;33666;17134;6314
"1955";4258571;441992;496112;374650;324166;302524;317279;300967;261643;280874;281187;236158;195136;151381;120754;85611;52763;25688;9686;2043382;225473;253064;191297;164567;153893;159542;143442;120418;131195;131689;108935;85953;64393;47828;31806;18428;8479;2980;2215189;216519;243048;183353;159599;148631;157737;157525;141225;149679;149498;127223;109183;86988;72926;53805;34335;17209;6706
"1956";4304832;439216;484250;392192;343580;300083;316113;302853;268967;272719;283922;242635;202150;154360;123389;88775;53114;26334;10180;2067399;224054;247071;200112;174605;152581;159539;146627;123956;126348;133247;111806;89698;65527;49108;32799;18578;8607;3136;2237433;215162;237179;192080;168975;147502;156574;156226;145011;146371;150675;130829;112452;88833;74281;55976;34536;17727;7044
"1957";4343190;431724;472826;435893;335621;300980;312608;305122;273345;265418;285075;250372;208545;158800;123714;91257;54103;27017;10770;2087631;220275;241291;222412;170546;153283;158028;149828;126334;122342;133572;115404;92864;67359;49425;33773;18763;8852;3280;2255559;211449;231535;213481;165075;147697;154580;155294;147011;143076;151503;134968;115681;91441;74289;57484;35340;18165;7490
"1958";4376314;422636;458260;466408;337004;309348;302682;306106;280029;261714;283397;257872;211703;167066;123662;93887;55943;27385;11212;2105208;215560;233934;237764;171172;157797;153465;152066;130331;120145;132415;118709;95048;70624;49709;34728;19339;8992;3410;2271106;207076;224326;228644;165832;151551;149217;154040;149698;141569;150982;139163;116655;96442;73953;59159;36604;18393;7802
"1959";4413046;416383;447423;489632;340805;317166;295263;308043;293874;249854;279648;264218;217905;173639;126508;94832;57869;28048;11936;2124665;212699;227936;249778;173189;161799;150266;154068;137868;114644;130078;121852;98206;73381;50967;35147;19986;9204;3597;2288381;203684;219487;239854;167616;155367;144997;153975;156006;135210;149570;142366;119699;100258;75541;59685;37883;18844;8339
"1960";4446222;408588;439421;492178;372438;312651;289347;308535;294434;256081;273220;270526;222817;178185;131423;95949;59214;28786;12429;2142263;208557;223957;251004;189481;159054;147939;155335;140044;117337;126535;124875;100379;75516;53044;35573;20499;9406;3728;2303959;200031;215464;241174;182957;153597;141408;153200;154390;138744;146685;145651;122438;102669;78379;60376;38715;19380;8701
"1961";4475787;401046;435900;479852;389381;333144;285578;306156;295812;262566;265010;272903;228700;184471;133975;98144;61620;28864;12665;2157873;204378;222169;244767;198112;169493;145927;154959;142868;120413;121699;126210;102828;78923;53913;36659;21301;9424;3830;2317914;196668;213731;235085;191269;163651;139651;151197;152944;142153;143311;146693;125872;105548;80062;61485;40319;19440;8835
"1962";4507098;397226;427423;469664;432203;326462;287379;302312;298096;267207;257652;274237;235821;190485;137621;98549;62743;29464;12554;2174124;202239;217907;239585;220036;166209;146889;153272;146032;122858;117730;126576;106027;81781;55188;36872;21585;9529;3809;2332974;194987;209516;230079;212167;160253;140490;149040;152064;144349;139922;147661;129794;108704;82433;61677;41158;19935;8745
"1963";4539519;398517;418452;455546;461508;328469;296656;292680;299400;273915;254397;272306;242896;193370;144896;98543;64753;30528;12687;2190753;202999;213233;232424;235003;166936;151881;148586;148307;126818;115735;125255;109086;83533;57967;37071;22242;9861;3816;2348766;195518;205219;223122;226505;161533;144775;144094;151093;147097;138662;147051;133810;109837;86929;61472;42511;20667;8871
"1964";4557567;395444;409937;444659;482133;328422;302512;284318;301534;287385;242740;268655;248828;198959;150676;100989;65612;31671;13093;2200340;201429;209168;226514;246109;167232;154923;144525;150185;133907;110349;123032;111916;86161;60300;38034;22509;10128;3919;2357227;194015;200769;218145;236024;161190;147589;139793;151349;153478;132391;145623;136912;112798;90376;62955;43103;21543;9174
"1965";4569896;390891;401860;435402;482168;355180;296260;278204;302010;287844;248616;262382;254676;203467;154593;104832;66132;32073;13306;2207250;199196;204970;221854;246322;181393;151326;141708;151310;135926;112789;119466;114680;87969;62001;39380;22822;10183;3955;2362646;191695;196890;213548;235846;173787;144934;136496;150700;151918;135827;142916;139996;115498;92592;65452;43310;21890;9351
"1966";4591842;385988;394866;432183;469889;369813;316327;275173;300202;289725;255289;254870;256956;209212;160366;107108;67430;33037;13408;2218601;196834;201069;220352;240252;188870;161752;139760;151143;139009;115854;115114;115754;90350;64830;39926;23310;10411;4011;2373241;189154;193797;211831;229637;180943;154575;135413;149059;150716;139435;139756;141202;118862;95536;67182;44120;22626;9397
"1967";4619645;382156;390958;423583;460406;411093;310722;278281;296830;292048;259816;247905;258224;216031;165781;110133;67980;33745;13953;2232588;194988;198983;215974;235514;210249;158732;141438;149579;142175;118177;111409;115948;93263;67170;40716;23507;10649;4117;2387057;187168;191975;207609;224892;200844;151990;136843;147251;149873;141639;136496;142276;122768;98611;69417;44473;23096;9836
"1968";4633292;372546;391813;414568;445639;437405;311451;287529;287550;293081;266180;244665;256640;222666;168317;116118;67753;34753;14618;2239681;189955;199642;211351;228138;224210;158709;146250;145085;144466;121817;109436;114798;95896;68500;42890;23406;10919;4213;2393611;182591;192171;203217;217501;213195;152742;141279;142465;148615;144363;135229;141842;126770;99817;73228;44347;23834;10405
"1969";4614277;356043;387365;406068;431099;449217;307109;293692;280349;294473;278883;233190;253044;228245;173398;121140;70163;35607;15192;2230217;181610;197626;207225;220667;231215;156816;148780;141630;145917;128611;104218;112659;98355;70549;44765;24067;11204;4303;2384060;174433;189739;198843;210432;218002;150293;144912;138719;148556;150272;128972;140385;129890;102849;76375;46096;24403;10889
"1970";4598336;339444;381160;397946;421170;445099;331031;287969;274525;294269;278969;238497;247313;233456;177463;124708;73386;36149;15782;2219985;173171;194431;202971;215689;228348;169075;145511;138817;146465;130270;106252;109496;100563;72058;46022;25142;11254;4450;2378351;166273;186729;194975;205481;216751;161956;142458;135708;147804;148699;132245;137817;132893;105405;78686;48244;24895;11332
"1971";4625912;327712;377381;390916;421729;442138;349107;307110;272543;293090;281004;245325;240178;236036;182572;129587;75406;37491;16587;2234037;167275;192445;199232;215563;227202;178746;155599;137678;146512;133302;109355;105466;101701;73981;48119;25586;11661;4614;2391875;160437;184936;191684;206166;214936;170361;151511;134865;146578;147702;135970;134712;134335;108591;81468;49820;25830;11973
"1972";4653401;314863;373815;387100;415882;438754;392432;301316;274999;290604;283842;249662;234660;237316;189244;134349;78691;38276;17596;2249051;160946;190605;197232;212305;225749;201603;153050;139101;145516;136705;111607;102497;102084;76641;50031;26603;11908;4868;2404350;153917;183210;189868;203577;213005;190829;148266;135898;145088;147137;138055;132163;135232;112603;84318;52088;26368;12728
"1973";4678761;302499;367418;388333;408523;431100;423755;304540;284590;282789;285700;256655;231831;236530;195521;137329;83682;39492;18474;2262142;154914;187338;197906;208330;221845;217851;155118;144193;141885;139323;115503;100795;101370;78941;51334;28197;12214;5085;2416619;147585;180080;190427;200193;209255;205904;149422;140397;140904;146377;141152;131036;135160;116580;85995;55485;27278;13389
"1974";4702387;300963;356256;386406;401987;423889;448938;308712;293098;277097;288314;269687;221509;233781;201301;142136;87915;41276;19122;2273815;153908;181760;196997;205224;217388;231243;157939;148536;139406;141513;122193;96186;99670;81364;53099;29469;12681;5239;2428572;147055;174496;189409;196763;206501;217695;150773;144562;137691;146801;147494;125323;134111;119937;89037;58446;28595;13883
"1975";4720492;303395;344339;382810;395592;417130;453205;336666;289668;272812;289296;270631;227320;229056;206729;146285;91519;43936;20103;2282115;155364;175672;195205;201797;213550;233379;172732;146594;137581;142756;124342;98496;97126;83590;54470;30575;13499;5387;2438377;148031;168667;187605;193795;203580;219826;163934;143074;135231;146540;146289;128824;131930;123139;91815;60944;30437;14716
"1976";4730836;307599;330742;378715;388147;412670;442278;351868;307526;270335;287696;272526;233769;222691;209487;151465;95712;46126;21484;2286392;157791;168774;193079;197874;210823;227854;180707;155848;136123;142561;127259;101422;93647;84706;56344;31938;13961;5681;2444444;149808;161968;185636;190273;201847;214424;171161;151678;134212;145135;145267;132347;129044;124781;95121;63774;32165;15803
"1977";4746967;312572;316985;375674;384881;403364;431733;390943;300265;272488;285251;275440;238210;218000;211576;157916;100184;48725;22760;2295668;160122;161966;191579;196367;206357;222922;201259;152485;137415;141660;130681;103667;91271;85422;58655;33408;14398;6034;2451299;152450;155019;184095;188514;197007;208811;189684;147780;135073;143591;144759;134543;126729;126154;99261;66776;34327;16726
"1978";4758088;319534;302337;367915;385677;394116;419225;417783;301461;281075;277222;276817;244946;215630;211140;163582;102993;52598;24037;2300790;163543;154755;187592;196867;201673;216359;215013;153347;141889;137908;132909;107435;89896;84957;60533;34412;15414;6288;2457298;155991;147582;180323;188810;192443;202866;202770;148114;139186;139314;143908;137511;125734;126183;103049;68581;37184;17749
"1979";4771292;320963;298770;356276;383390;386877;409745;439882;304190;288906;271437;279478;257433;206367;209455;168901;107204;56105;25913;2306784;164208;152727;181731;195718;198280;210505;226791;155288;145783;135412;135164;113717;86043;83942;62600;35766;16397;6712;2464508;156755;146043;174545;187672;188597;199240;213091;148902;143123;136025;144314;143716;120324;125513;106301;71438;39708;19201
"1980";4787778;319531;300578;345100;380152;381371;403524;443722;331554;285468;267664;280688;258819;212225;205910;173942;111050;58743;27737;2314843;163355;153930;176032;194062;195409;206989;228742;169800;143950;133967;136509;116077;88355;82169;64474;36855;17079;7089;2472935;156176;146648;169068;186090;185962;196535;214980;161754;141518;133697;144179;142742;123870;123741;109468;74195;41664;20648
"1981";4812150;317950;306505;332337;377548;377248;402619;435921;347609;303812;265612;279769;260998;218653;200716;177266;115794;62101;29692;2327473;162438;157195;169541;192603;193220;206315;224914;178419;153514;132802;136749;119025;91219;79638;65915;38401;18078;7487;2484677;155512;149310;162796;184945;184028;196304;211007;169190;150298;132810;143020;141973;127434;121078;111351;77393;44023;22205
"1982";4841715;319796;314107;318137;374333;376229;397110;429239;388276;297042;267837;277378;263763;222943;196742;179800;121183;65611;32189;2342869;163570;160826;162554;190903;192704;203331;221547;199581;150313;134083;135878;122229;93364;77680;66913;40288;19106;7999;2498846;156226;153281;155583;183430;183525;193779;207692;188695;146729;133754;141500;141534;129579;119062;112887;80895;46505;24190
"1983";4869858;323426;322441;304473;367489;379836;391373;419156;416687;298954;276757;270091;265476;229757;195262;179773;126097;67842;34968;2357172;165384;164920;155848;187288;194436;200297;216249;214257;151539;138784;132666;124664;97087;76876;66688;41830;19791;8568;2512686;158042;157521;148625;180201;185400;191076;202907;202430;147415;137973;137425;140812;132670;118386;113085;84267;48051;26400
"1984";4893748;325311;324668;301526;356320;379548;386743;411379;439954;302189;284840;264891;268257;241852;187069;179077;131128;71141;37855;2369228;166464;165973;154149;181666;194142;198250;211233;226606;153777;142835;130626;126867;103007;73721;66244;43712;20682;9274;2524520;158847;158695;147377;174654;185406;188493;200146;213348;148412;142005;134265;141390;138845;113348;112833;87416;50459;28581
"1985";4910664;324742;323446;303344;345381;377268;382333;405916;444575;329792;281599;261536;269654;243344;192869;176323;135202;73642;39698;2377780;165994;165243;155314;176112;192739;195856;208099;228883;168445;141130;129451;128302;105312;76014;65008;45030;21320;9528;2532884;158748;158203;148030;169269;184529;186477;197817;215692;161347;140469;132085;141352;138032;116855;111315;90172;52322;30170
"1986";4925644;321566;321314;308733;332536;374244;377477;404391;436309;345642;299754;259572;269110;245621;199157;172367;138222;77189;42440;2385866;164400;164081;158287;169580;190928;193236;207005;224699;176796;150573;128346;128880;108177;78807;63217;46271;22374;10209;2539778;157166;157233;150446;162956;183316;184241;197386;211610;168846;149181;131226;140230;137444;120350;109150;91951;54815;32231
"1987";4938602;314880;322414;315649;318025;370748;375276;397877;428782;385651;292980;261688;267091;248274;203126;169502;140626;81139;44874;2392868;160796;164877;161545;162425;188923;191995;203365;220731;197535;147360;129606;128318;111253;80710;61983;47131;23538;10777;2545734;154084;157537;154104;155600;181825;183281;194512;208051;188116;145620;132082;138773;137021;122416;107519;93495;57601;34097
"1988";4954359;311064;325332;323585;304154;363775;377764;391222;417907;413394;294692;270273;260096;250160;209574;168554;140883;84877;47053;2401368;158829;166324;165459;155602;185256;193106;199831;214784;211665;148425;134091;125373;113819;84085;61666;47018;24674;11361;2552991;152235;159008;158126;148552;178519;184658;191391;203123;201729;146267;136182;134723;136341;125489;106888;93865;60203;35692
"1989";4974383;309419;327075;325775;301284;353391;377940;386877;410165;436378;297913;278177;255274;252983;220838;161743;140896;88552;49703;2412760;158072;167346;166516;153928;180017;193158;197918;209916;223804;150596;138055;123603;115967;89510;59336;47051;25999;11968;2561623;151347;159729;159259;147356;173374;184782;188959;200249;212574;147317;140122;131671;137016;131328;102407;93845;62553;37735
"1990";4998478;312485;326827;324891;303383;343608;376821;383326;405368;441173;325282;275265;252434;254650;222601;167296;139532;91593;51943;2426204;159773;167076;165979;155219;175039;192527;196001;207180;226073;165065;136588;122808;117581;91843;61511;46613;26903;12425;2572274;152712;159751;158912;148164;168569;184294;187325;198188;215100;160217;138677;129626;137069;130758;105785;92919;64690;39518
"1991";5029002;317756;324511;323331;309680;332830;376431;380129;405035;433899;341453;293585;251058;254554;225198;173336;136969;94277;54970;2443042;162288;165997;165090;158767;169630;192300;194261;206710;222410;173557;146054;122134;118437;94656;64059;45645;27944;13103;2585960;155468;158514;158241;150913;163200;184131;185868;198325;211489;167896;147531;128924;136117;130542;109277;91324;66333;41867
"1992";5054982;324759;318487;325034;317075;319454;374213;378982;399440;427055;381240;287170;253661;253161;228027;177469;135183;96524;58048;2457282;165864;162741;166199;162272;163134;191029;193682;203601;218769;194072;143038;123702;118273;97706;65843;44903;28577;13877;2597700;158895;155746;158835;154803;156320;183184;185300;195839;208286;187168;144132;129959;134888;130321;111626;90280;67947;44171
"1993";5077912;326440;315622;328667;325595;306405;368480;382300;393435;417037;409135;289144;262399;247125;230284;183669;134943;96931;60301;2470196;166569;161237;168033;166427;156736;187952;195434;200415;213391;208269;144260;128255;115969;100353;68920;44886;28550;14540;2607716;159871;154385;160634;159168;149669;180528;186866;193020;203646;200866;144884;134144;131156;129931;114749;90057;68381;45761
"1994";5098754;327702;313943;330599;327902;303187;357733;382020;388699;409270;431795;292435;270468;243283;233739;193957;130265;97798;63959;2481649;167011;160466;169194;167527;154838;182487;195346;198272;208403;220058;146495;132270;114936;102809;73667;43454;28848;15568;2617105;160691;153477;161405;160375;148349;175246;186674;190427;200867;211737;145940;138198;128347;130930;120290;86811;68950;48391
"1995";5116826;324870;316643;330257;327118;305051;347131;379987;384742;404232;436449;319111;267867;240951;235870;196407;135771;97351;67018;2491701;165466;161971;168870;167008;156008;177046;194189;196143;205482;222209;160523;131071;114461;104628;76020;45522;28755;16329;2625125;159404;154672;161387;160110;149043;170085;185798;188599;198750;214240;158588;136796;126490;131242;120387;90249;68596;50689
"1996";5132320;320172;320975;327420;325344;310629;334569;377527;380187;403081;428832;334890;285534;240005;236340;199273;141399;96276;69867;2500596;163336;163925;167498;166083;159086;170510;192790;193667;204651;218371;168729;140106;114076;105880;78832;47688;28269;17099;2631724;156836;157050;159922;159261;151543;164059;184737;186520;198430;210461;166161;145428;125929;130460;120441;93711;68007;52768
"1997";5147349;312733;327353;321264;326932;317870;320816;374399;378530;397190;421934;373934;279074;242832;235617;202451;145669;96037;72714;2509098;159286;167130;164178;167145;162473;163755;191034;192836;201507;214671;188644;137110;115865;106122;81866;49496;28181;17799;2638251;153447;160223;157086;159787;155397;157061;183365;185694;195683;207263;185290;141964;126967;129495;120585;96173;67856;54915
"1998";5159646;304936;328311;317898;330273;326044;307320;367975;381393;391075;411958;401144;281074;251425;230291;205111;151523;96973;74922;2516075;155417;167495;162413;168854;166533;157174;187594;194367;198237;209355;202307;138400;120292;104275;84586;52144;28474;18158;2643571;149519;160816;155485;161419;159511;150146;180381;187026;192838;202603;198837;142674;131133;126016;120525;99379;68499;56764
"1999";5171302;297522;329375;316104;332206;328066;304448;357565;380939;386486;404445;423566;284194;259218;227163;208620;160330;93999;77056;2523026;151759;167831;161552;169996;167606;155590;182321;194200;196273;204582;213919;140513;124103;103675;86775;55966;27816;18549;2648276;145763;161544;154552;162210;160460;148858;175244;186739;190213;199863;209647;143681;135115;123488;121845;104364;66183;58507
"2000";5181115;291275;326424;318634;331778;327230;306202;346890;378646;382265;399427;428147;310083;256916;225524;211265;163283;98731;78395;2529341;148851;166231;162947;169617;167084;156842;176839;192915;193976;201745;215979;154028;123117;103778;88852;58256;29459;18825;2651774;142424;160193;155687;162161;160146;149360;170051;185731;188289;197682;212168;156055;133799;121746;122413;105027;69272;59570
"2001";5194901;286792;321777;323018;329220;325599;312190;335071;376538;378091;398557;420940;325664;274073;225223;212474;166355;103659;79660;2537597;146445;164106;164959;168400;166249;160236;170678;191831;191720;201113;212453;162079;131892;103927;90397;60886;31184;19042;2657304;140347;157671;158059;160820;159350;151954;164393;184707;186371;197444;208487;163585;142181;121296;122077;105469;72475;60618
"2002";5206295;283195;314463;329351;323130;327262;319485;321645;373457;376608;393036;414266;363817;268016;228179;212476;169477;107487;80945;2544916;144988;160159;168163;165139;167305;163651;164134;190176;191029;198164;208985;181388;129277;105749;91018;63520;32679;19392;2661379;138207;154304;161188;157991;159957;155834;157511;183281;185579;194872;205281;182429;138739;122430;121458;105957;74808;61553
"2003";5219732;283137;306715;330245;319754;330871;327973;308602;367428;379711;387053;404572;390583;269893;236582;208415;172779;112760;82659;2552893;144920;156323;168457;163377;169099;167827;157884;186935;192739;195024;203830;194731;130548;110107;90050;66306;34871;19865;2666839;138217;150392;161788;156377;161772;160146;150718;180493;186972;192029;200742;195852;139345;126475;118365;106473;77889;62794
"2004";5236611;283693;299434;331433;318105;333364;330853;306354;357316;379466;382724;397493;412327;273109;244189;206336;177097;120243;83075;2562077;145288;152711;168881;162574;170494;169294;156605;181791;192668;193185;199376;205792;132760;113827;90150;68708;37884;20089;2674534;138405;146723;162552;155531;162870;161559;149749;175525;186798;189539;198117;206535;140349;130362;116186;108389;82359;62986
"2005";5255580;284949;293416;328539;320942;333936;331174;308990;347754;377782;379095;392973;416888;297977;242434;205764;180520;123858;88589;2572350;145596;149894;167327;164118;170710;169408;158395;176975;191803;191198;196815;207826;145517;113204;90986;70909;40013;21656;2683230;139353;143522;161212;156824;163226;161766;150595;170779;185979;187897;196158;209062;152460;129230;114778;109611;83845;66933
"2006";5276955;288127;289219;323835;325347;332004;330967;315588;336438;376003;375319;392282;410077;313032;259097;205928;182687;127261;93744;2583742;147143;147656;165156;166143;169860;169194;162205;171224;190918;189147;196272;204428;153214;121620;91351;72900;42275;23036;2693213;140984;141563;158679;159204;162144;161773;153383;165214;185085;186172;196010;205649;159818;137477;114577;109787;84986;70708
"2007";5300484;291628;286249;316713;331920;327266;334682;323951;324082;373599;374364;387167;403762;349870;253225;209415;183591;130708;98292;2596787;148927;146463;161289;169455;167344;171554;166303;165325;189649;188798;193476;201192;171507;119141;93470;73962;44462;24470;2703697;142701;139786;155424;162465;159922;163128;157648;158757;183950;185566;193691;202570;178363;134084;115945;109629;86246;73822
"2008";5326314;295002;286818;309342;333177;325440;340416;334075;311930;368125;377979;381671;394516;375755;255273;217574;180869;134555;103797;2611653;150804;146717;157654;169961;166488;174715;171532;159578;186832;190839;190665;196318;184247;120498;97658;73731;47128;26288;2714661;144198;140101;151688;163216;158952;165701;162543;152352;181293;187140;191006;198198;191508;134775;119916;107138;87427;77509
"2009";5351427;298114;287786;302423;334636;324472;344634;337970;310768;358754;378341;378037;388165;396886;258319;225043;179671;138717;108691;2625067;152197;147367;154256;170583;165988;177022;173572;158921;182143;191110;189311;192402;194857;122578;101250;74193;49230;28087;2726360;145917;140419;148167;164053;158484;167612;164398;151847;176611;187231;188726;195763;202029;135741;123793;105478;89487;80604
"2010";5375276;301621;289347;296709;332084;327780;346063;339277;313917;349683;377077;374857;384108;401712;281997;223495;179637;141752;114160;2638416;154243;147824;151578;169224;167817;177710;174220;161115;177566;190596;187628;190137;197048;134543;100784;75178;51064;30141;2736860;147378;141523;145131;162860;159963;168353;165057;152802;172117;186481;187229;193971;204664;147454;122711;104459;90688;84019
"2011";5401267;302977;293116;292889;327766;332881;345438;340247;320917;339160;375591;371613;383809;395223;296656;239251;180510;144120;119103;2652534;154881;149722;149569;167231;170256;177541;174711;165054;172221;189973;185871;189879;193951;142014;108607;75920;52881;32252;2748733;148096;143394;143320;160535;162625;167897;165536;155863;166939;185618;185742;193930;201272;154642;130644;104590;91239;86851
"2012";5426674;304083;296980;290329;320713;339758;341295;344759;329842;327470;373298;371171;379195;389588;331528;233799;184079;145203;123584;2666622;155281;151706;148569;163421;173775;175226;177454;169502;166649;188707;185863;187478;191222;158967;106568;78139;53901;34194;2760052;148802;145274;141760;157292;165983;166069;167305;160340;160821;184591;185308;191717;198366;172561;127231;105940;91302;89390

"(http://tilastokeskus.fi/til/vaerak/kas.html TARGET=_blank) Käsitteet "
"ja määritelmät "
"(http://tilastokeskus.fi/meta/til/vaerak.html TARGET=_blank) Tilaston "
"kuvaus "
"(http://tilastokeskus.fi/til/vaerak/laa.html TARGET=_blank) "
"Laatuselosteet "

